Rk,Player,Age,Team,Pos,G,GS,MP,FG,FGA,FG%,3P,3PA,3P%,2P,2PA,2P%,eFG%,FT,FTA,FT%,ORB,DRB,TRB,AST,STL,BLK,TOV,PF,PTS,Trp-Dbl,Awards,Player-additional
1,Shai Gilgeous-Alexander,26,OKC,PG,62,62,2122,703,1340,.525,133,358,.372,570,982,.580,.574,499,555,.899,57,262,319,384,112,65,157,140,2038,0,,gilgesh01
2,Anthony Edwards,23,MIN,SG,63,63,2296,566,1282,.441,257,633,.406,309,649,.476,.542,324,388,.835,49,328,377,289,72,38,207,116,1713,0,,edwaran01
3,Nikola Jokić,29,DEN,C,58,58,2108,638,1112,.574,113,263,.430,525,849,.618,.625,280,346,.809,170,580,750,611,103,39,192,128,1669,29,,jokicni01
4,Jayson Tatum,26,BOS,PF,60,60,2192,554,1218,.455,217,612,.355,337,606,.556,.544,304,378,.804,40,491,531,349,68,32,175,134,1629,2,,tatumja01
5,Jalen Brunson,28,NYK,PG,61,61,2162,558,1138,.490,140,365,.384,418,773,.541,.552,350,424,.825,25,156,181,452,58,6,153,132,1606,0,,brunsja01
6,Giannis Antetokounmpo,30,MIL,PF,51,51,1730,627,1037,.605,8,42,.190,619,995,.622,.608,313,526,.595,119,495,614,298,40,61,168,125,1575,6,,antetgi01
7,Cade Cunningham,23,DET,PG,60,60,2118,570,1230,.463,134,371,.361,436,859,.508,.518,264,308,.857,47,317,364,555,62,45,274,163,1538,8,,cunnica01
8,Devin Booker,28,PHO,SG,58,58,2170,499,1091,.457,154,447,.345,345,644,.536,.528,354,396,.894,56,176,232,398,61,14,162,154,1506,0,,bookede01
9,Donovan Mitchell,28,CLE,SG,60,60,1875,502,1113,.451,208,541,.384,294,572,.514,.544,240,293,.819,44,216,260,285,79,12,125,118,1452,0,,mitchdo01
10,LeBron James,40,LAL,SF,58,58,2023,555,1073,.517,132,344,.384,423,729,.580,.579,208,270,.770,59,417,476,495,52,35,226,85,1450,10,,jamesle01
11,Tyler Herro,25,MIA,SG,60,60,2140,498,1089,.457,214,576,.372,284,513,.554,.556,220,255,.863,22,303,325,345,49,13,155,76,1430,0,,herroty01
12,Trae Young,26,ATL,PG,60,60,2172,441,1091,.404,168,517,.325,273,574,.476,.481,379,437,.867,26,159,185,692,68,11,287,122,1429,0,,youngtr01
13,De'Aaron Fox,27,2TM,PG,60,60,2166,521,1125,.463,115,370,.311,406,755,.538,.514,256,310,.826,52,233,285,373,90,25,168,156,1413,0,,foxde01
13,De'Aaron Fox,27,SAC,PG,45,45,1663,414,883,.469,92,286,.322,322,597,.539,.521,204,246,.829,45,180,225,276,66,20,133,118,1124,0,,foxde01
13,De'Aaron Fox,27,SAS,PG,15,15,503,107,242,.442,23,84,.274,84,158,.532,.490,52,64,.813,7,53,60,97,24,5,35,38,289,0,,foxde01
14,Tyrese Maxey,24,PHI,PG,52,52,1960,477,1091,.437,161,478,.337,316,613,.515,.511,254,289,.879,15,159,174,317,91,21,124,116,1369,1,,maxeyty01
15,Kevin Durant,36,PHO,PF,51,51,1888,496,938,.529,123,309,.398,373,629,.593,.594,251,303,.828,19,295,314,221,44,67,154,87,1366,0,,duranke01
16,James Harden,35,LAC,PG,61,61,2131,396,1005,.394,180,530,.340,216,475,.455,.484,385,441,.873,40,313,353,523,90,39,276,125,1357,2,,hardeja01
17,Karl-Anthony Towns,29,NYK,C,56,56,1970,489,936,.522,114,272,.419,375,664,.565,.583,264,316,.835,171,576,747,173,56,41,143,197,1356,0,,townska01
18,Jalen Green,22,HOU,SG,64,64,2123,478,1124,.425,186,524,.355,292,600,.487,.508,208,251,.829,34,247,281,204,52,19,163,103,1350,0,,greenja05
19,Damian Lillard,34,MIL,PG,53,53,1917,418,922,.453,183,484,.378,235,438,.537,.553,331,359,.922,28,221,249,375,66,9,154,91,1350,2,,lillada01
20,Stephen Curry,36,GSW,PG,55,55,1769,446,994,.449,246,619,.397,200,375,.533,.572,211,226,.934,31,213,244,341,58,23,158,74,1349,0,,curryst01
21,Jaren Jackson Jr.,25,MEM,C,59,59,1732,483,971,.497,111,304,.365,372,667,.558,.555,264,342,.772,78,267,345,126,74,97,127,199,1341,0,,jacksja02
22,Zach LaVine,29,2TM,SF,56,56,1948,486,949,.512,179,410,.437,307,539,.570,.606,190,232,.819,16,244,260,244,51,11,157,81,1341,0,,lavinza01
22,Zach LaVine,29,CHI,SF,42,42,1432,363,710,.511,136,305,.446,227,405,.560,.607,145,182,.797,12,190,202,189,39,10,121,64,1007,0,,lavinza01
22,Zach LaVine,29,SAC,SG,14,14,516,123,239,.515,43,105,.410,80,134,.597,.605,45,50,.900,4,54,58,55,12,1,36,17,334,0,,lavinza01
23,DeMar DeRozan,35,SAC,SF,58,58,2092,473,975,.485,63,180,.350,410,795,.516,.517,286,326,.877,36,200,236,236,55,23,80,113,1295,0,,derozde01
24,Pascal Siakam,30,IND,PF,62,62,2043,494,947,.522,107,266,.402,387,681,.568,.578,196,260,.754,107,341,448,203,56,29,82,159,1291,0,,siakapa01
25,Jalen Williams,23,OKC,SG,60,60,1974,488,1021,.478,110,304,.362,378,717,.527,.532,200,252,.794,52,279,331,316,101,44,133,144,1286,0,,willija06
26,Darius Garland,25,CLE,PG,60,60,1817,445,931,.478,175,422,.415,270,509,.530,.572,187,213,.878,35,119,154,399,67,10,145,122,1252,0,,garlada01
27,Kyrie Irving,32,DAL,SG,50,50,1804,447,945,.473,144,359,.401,303,586,.517,.549,196,214,.916,60,180,240,231,66,23,111,101,1234,0,,irvinky01
28,Jaylen Brown,28,BOS,SF,53,53,1873,458,990,.463,102,313,.326,356,677,.526,.514,213,283,.753,79,242,321,252,65,15,143,134,1231,0,,brownja02
29,Jamal Murray,27,DEN,PG,57,57,2069,450,949,.474,133,336,.396,317,613,.517,.544,182,207,.879,35,178,213,345,81,30,122,109,1215,0,,murraja01
30,Anfernee Simons,25,POR,SG,61,61,1998,419,975,.430,186,508,.366,233,467,.499,.525,155,171,.906,20,148,168,299,52,5,127,105,1179,0,,simonan01
31,Alperen Şengün,22,HOU,C,60,60,1880,454,912,.498,18,79,.228,436,833,.523,.508,231,335,.690,199,422,621,295,70,48,153,172,1157,3,,sengual01
32,Michael Porter Jr.,26,DEN,SF,61,61,2049,429,845,.508,156,388,.402,273,457,.597,.600,113,152,.743,113,310,423,129,37,28,80,118,1127,0,,portemi01
33,Victor Wembanyama,21,SAS,C,46,46,1527,408,857,.476,142,403,.352,266,454,.586,.559,158,189,.836,82,424,506,168,52,176,149,105,1116,1,,wembavi01
34,Franz Wagner,23,ORL,SF,45,45,1513,410,879,.466,82,269,.305,328,610,.538,.513,210,246,.854,44,204,248,212,61,19,101,117,1112,0,,wagnefr01
35,Jordan Poole,25,WAS,SG,52,52,1626,361,853,.423,184,490,.376,177,363,.488,.531,201,229,.878,27,141,168,249,74,25,169,166,1107,0,,poolejo01
36,Anthony Davis,31,2TM,PF,43,43,1471,410,776,.528,30,96,.313,380,680,.559,.548,257,327,.786,123,392,515,148,54,93,94,82,1107,0,,davisan02
36,Anthony Davis,31,LAL,C,42,42,1440,400,758,.528,28,94,.298,372,664,.560,.546,253,321,.788,119,380,499,141,54,90,93,82,1081,0,,davisan02
36,Anthony Davis,31,DAL,PF,1,1,31,10,18,.556,2,2,1.000,8,16,.500,.611,4,6,.667,4,12,16,7,0,3,1,0,26,0,,davisan02
37,Norman Powell,31,LAC,SG,46,46,1520,380,769,.494,151,356,.424,229,413,.554,.592,183,223,.821,17,144,161,101,60,8,93,86,1094,0,,powelno01
38,Domantas Sabonis,28,SAC,C,56,56,1974,430,722,.596,57,132,.432,373,590,.632,.635,177,237,.747,221,571,792,345,34,22,167,191,1094,8,,sabondo01
39,Tyrese Haliburton,24,IND,PG,59,59,2007,382,817,.468,180,462,.390,202,355,.569,.578,149,173,.861,33,172,205,526,86,37,102,78,1093,0,,halibty01
40,Mikal Bridges,28,NYK,SF,63,63,2386,450,917,.491,134,384,.349,316,533,.593,.564,54,72,.750,57,142,199,214,60,36,94,91,1088,0,,bridgmi01
41,RJ Barrett,24,TOR,SF,50,50,1660,405,853,.475,96,263,.365,309,590,.524,.531,180,275,.655,49,275,324,281,41,15,150,124,1086,2,,barrerj01
42,Bam Adebayo,27,MIA,C,61,61,2102,419,856,.489,50,163,.307,369,693,.532,.519,195,259,.753,152,456,608,262,76,42,131,134,1083,1,,adebaba01
43,Coby White,24,CHI,SG,57,56,1874,365,842,.433,171,474,.361,194,368,.527,.535,177,196,.903,18,176,194,256,58,12,132,123,1078,0,,whiteco01
44,Malik Beasley,28,DET,SG,65,14,1787,374,850,.440,255,611,.417,119,239,.498,.590,70,107,.654,36,142,178,108,64,4,68,101,1073,0,,beaslma01
45,Nikola Vučević,34,CHI,C,56,56,1799,437,820,.533,99,256,.387,338,564,.599,.593,98,120,.817,131,444,575,190,49,37,96,135,1071,1,,vucevni01
46,Trey Murphy III,24,NOP,SF,49,47,1746,361,792,.456,150,416,.361,211,376,.561,.551,194,220,.882,45,208,253,180,54,38,95,104,1066,0,,murphtr02
47,Evan Mobley,23,CLE,PF,57,57,1719,405,716,.566,61,167,.365,344,549,.627,.608,184,248,.742,131,400,531,174,49,89,114,117,1055,0,,mobleev01
48,CJ McCollum,33,NOP,PG,49,49,1615,393,876,.449,151,399,.378,242,477,.507,.535,112,154,.727,36,147,183,189,35,24,89,108,1049,0,,mccolcj01
49,Austin Reaves,26,LAL,SG,55,55,1889,330,748,.441,140,387,.362,190,361,.526,.535,234,270,.867,48,186,234,319,61,15,132,109,1034,1,,reaveau01
50,LaMelo Ball,23,CHO,PG,40,40,1288,356,875,.407,155,462,.335,201,413,.487,.495,166,201,.826,39,171,210,279,48,12,141,136,1033,0,,ballla01
51,Miles Bridges,26,CHO,PF,49,49,1586,370,852,.434,110,342,.322,260,510,.510,.499,174,199,.874,58,328,386,184,38,32,104,78,1024,1,,bridgmi02
52,Derrick White,30,BOS,SG,61,61,2055,343,768,.447,213,545,.391,130,223,.583,.585,110,129,.853,53,207,260,262,57,62,96,109,1009,0,,whitede01
53,Shaedon Sharpe,21,POR,SG,57,37,1727,375,831,.451,112,353,.317,263,478,.550,.519,140,175,.800,45,181,226,145,44,14,108,100,1002,0,,sharpsh01
54,Julius Randle,30,MIN,PF,53,53,1726,346,737,.469,77,243,.317,269,494,.545,.522,224,273,.821,118,267,385,250,36,12,150,133,993,0,,randlju01
55,Ivica Zubac,27,LAC,C,62,62,2017,439,712,.617,0,0,,439,712,.617,.617,112,176,.636,227,550,777,155,48,71,100,134,990,0,,zubaciv01
56,Scottie Barnes,23,TOR,PF,50,50,1714,371,833,.445,62,234,.265,309,599,.516,.483,184,235,.783,83,305,388,304,76,55,145,98,988,1,,barnesc01
57,Desmond Bane,26,MEM,SG,52,51,1638,365,747,.489,113,303,.373,252,444,.568,.564,139,157,.885,49,274,323,286,63,23,133,126,982,1,,banede01
58,Naz Reid,25,MIN,C,65,17,1822,360,774,.465,151,385,.392,209,389,.537,.563,99,125,.792,75,324,399,143,48,62,85,159,970,0,,reidna01
59,Christian Braun,23,DEN,SG,63,61,2105,376,657,.572,68,176,.386,308,481,.640,.624,146,176,.830,78,243,321,147,71,34,60,140,966,0,,braunch01
60,OG Anunoby,27,NYK,PF,57,57,2086,349,742,.470,125,344,.363,224,398,.563,.555,112,141,.794,79,190,269,117,77,50,78,131,935,0,,anunoog01
61,Bennedict Mathurin,22,IND,SF,56,44,1735,322,679,.474,81,229,.354,241,450,.536,.534,194,235,.826,69,240,309,108,34,22,106,131,919,0,,mathube01
62,Malik Monk,26,SAC,SG,52,39,1688,339,768,.441,114,352,.324,225,416,.541,.516,125,142,.880,22,177,199,307,53,33,121,134,917,0,,monkma01
63,Payton Pritchard,27,BOS,PG,63,0,1770,315,661,.477,208,492,.423,107,169,.633,.634,60,70,.857,84,155,239,219,53,13,59,97,898,0,,pritcpa01
64,Keyonte George,21,UTA,PG,53,32,1665,287,729,.394,140,408,.343,147,321,.458,.490,179,225,.796,21,180,201,313,38,9,148,89,893,0,,georgke01
65,Kelly Oubre Jr.,29,PHI,SF,59,56,2053,343,729,.471,71,240,.296,272,489,.556,.519,136,179,.760,95,268,363,108,89,29,80,178,893,0,,oubreke01
66,Cameron Johnson,28,BRK,PF,47,47,1493,294,619,.475,139,349,.398,155,270,.574,.587,164,183,.896,41,152,193,140,41,21,78,86,891,0,,johnsca02
67,Luka Dončić,25,2TM,PG,33,33,1153,301,673,.447,109,317,.344,192,356,.539,.528,180,237,.759,27,245,272,256,64,14,120,89,891,4,,doncilu01
67,Luka Dončić,25,DAL,PG,22,22,785,216,466,.464,75,212,.354,141,254,.555,.544,112,146,.767,16,167,183,172,44,9,75,58,619,3,,doncilu01
67,Luka Dončić,25,LAL,PG,11,11,368,85,207,.411,34,105,.324,51,102,.500,.493,68,91,.747,11,78,89,84,20,5,45,31,272,1,,doncilu01
68,Collin Sexton,26,UTA,SG,49,47,1374,314,662,.474,89,221,.403,225,441,.510,.542,173,195,.887,50,87,137,198,34,5,124,107,890,0,,sextoco01
69,Andrew Wiggins,29,2TM,SF,50,50,1536,302,691,.437,108,291,.371,194,400,.485,.515,172,220,.782,76,153,229,122,47,40,73,81,884,0,,wiggian01
69,Andrew Wiggins,29,GSW,SF,43,43,1296,261,588,.444,94,248,.379,167,340,.491,.524,139,179,.777,66,131,197,101,40,33,56,70,755,0,,wiggian01
69,Andrew Wiggins,29,MIA,SF,7,7,240,41,103,.398,14,43,.326,27,60,.450,.466,33,41,.805,10,22,32,21,7,7,17,11,129,0,,wiggian01
70,De'Andre Hunter,27,2TM,SF,49,7,1363,280,598,.468,125,303,.413,155,295,.525,.573,188,220,.855,35,162,197,72,34,9,68,115,873,0,,huntede01
70,De'Andre Hunter,27,ATL,SF,37,4,1064,227,492,.461,97,247,.393,130,245,.531,.560,151,176,.858,27,118,145,57,31,5,59,88,702,0,,huntede01
70,De'Andre Hunter,27,CLE,SF,12,3,299,53,106,.500,28,56,.500,25,50,.500,.632,37,44,.841,8,44,52,15,3,4,9,27,171,0,,huntede01
71,Deni Avdija,24,POR,SF,59,41,1686,287,623,.461,83,250,.332,204,373,.547,.527,214,279,.767,74,303,377,209,55,30,144,141,871,1,,avdijde01
72,Josh Hart,29,NYK,SG,60,60,2276,333,611,.545,63,193,.326,270,418,.646,.597,138,174,.793,131,457,588,336,88,22,124,157,867,7,,hartjo01
73,Ja Morant,25,MEM,PG,40,40,1190,295,681,.433,60,211,.284,235,470,.500,.477,209,252,.829,24,138,162,294,50,11,152,89,859,1,,moranja01
74,Jarrett Allen,26,CLE,C,64,64,1827,352,501,.703,0,3,.000,352,498,.707,.703,154,205,.751,170,484,654,125,64,60,75,98,858,0,,allenja01
75,Myles Turner,28,IND,C,55,55,1699,300,629,.477,120,297,.404,180,332,.542,.572,134,173,.775,65,293,358,89,48,103,100,149,854,0,,turnemy01
76,Tobias Harris,32,DET,PF,61,61,1960,326,686,.475,75,224,.335,251,462,.543,.530,123,141,.872,57,313,370,137,54,48,68,115,850,0,,harrito02
77,Amen Thompson,22,HOU,SF,60,33,1952,331,599,.553,20,78,.256,311,521,.597,.569,158,228,.693,166,334,500,218,79,75,126,140,840,3,,thompam01
78,Lauri Markkanen,27,UTA,PF,43,43,1379,274,644,.425,126,363,.347,148,281,.527,.523,156,179,.872,71,193,264,67,33,16,59,76,830,0,,markkla01
79,Jaden McDaniels,24,MIN,PF,66,66,2149,327,684,.478,86,259,.332,241,425,.567,.541,90,108,.833,108,281,389,136,96,55,75,189,830,0,,mcdanja02
80,Stephon Castle,20,SAS,PG,61,29,1551,299,701,.427,68,241,.282,231,460,.502,.475,159,221,.719,61,131,192,214,56,14,116,114,825,0,,castlst01
81,Dillon Brooks,29,HOU,SF,60,60,1925,296,706,.419,147,373,.394,149,333,.447,.523,84,102,.824,70,165,235,98,48,13,60,204,823,0,,brookdi01
82,Dyson Daniels,21,ATL,SG,59,59,2006,346,719,.481,65,186,.349,281,533,.527,.526,66,112,.589,93,237,330,241,178,43,109,149,823,0,,daniedy01
83,Klay Thompson,34,DAL,SF,57,57,1566,293,710,.413,181,453,.400,112,257,.436,.540,49,55,.891,38,163,201,116,45,28,76,70,816,0,,thompkl01
84,Josh Giddey,22,CHI,PG,59,59,1754,293,640,.458,87,232,.375,206,408,.505,.526,126,161,.783,103,347,450,398,65,37,162,103,799,3,,giddejo01
85,Dennis Schröder,31,3TM,PG,59,41,1644,280,673,.416,109,310,.352,171,363,.471,.497,124,148,.838,19,137,156,313,57,10,122,147,793,0,,schrode01
85,Dennis Schröder,31,BRK,PG,23,23,772,147,325,.452,58,150,.387,89,175,.509,.542,72,81,.889,4,64,68,152,26,4,59,56,424,0,,schrode01
85,Dennis Schröder,31,GSW,SG,24,18,628,94,251,.375,37,115,.322,57,136,.419,.448,29,39,.744,10,46,56,105,25,3,48,67,254,0,,schrode01
85,Dennis Schröder,31,DET,PG,12,0,244,39,97,.402,14,45,.311,25,52,.481,.474,23,28,.821,5,27,32,56,6,3,15,24,115,0,,schrode01
86,Bradley Beal,31,PHO,SG,45,30,1470,302,601,.502,88,220,.400,214,381,.562,.576,96,118,.814,33,126,159,169,47,25,88,116,788,0,,bealbr01
87,Gradey Dick,21,TOR,SG,54,54,1587,265,647,.410,114,326,.350,151,321,.470,.498,133,155,.858,44,149,193,98,48,10,83,120,777,0,,dickgr01
88,Brook Lopez,36,MIL,C,62,62,1961,284,592,.480,111,305,.364,173,287,.603,.573,85,101,.842,83,227,310,107,41,120,61,136,764,0,,lopezbr01
89,Paolo Banchero,22,ORL,PF,31,31,1049,255,579,.440,56,177,.316,199,402,.495,.489,186,265,.702,32,184,216,149,23,22,94,68,752,0,,banchpa01
90,Aaron Wiggins,26,OKC,SG,64,20,1444,293,585,.501,107,272,.393,186,313,.594,.592,53,64,.828,71,173,244,106,50,17,57,82,746,0,,wiggiaa01
91,Keegan Murray,24,SAC,PF,60,60,2081,287,645,.445,116,342,.339,171,303,.564,.535,54,65,.831,122,289,411,87,47,52,51,153,744,0,,murrake02
92,Devin Vassell,24,SAS,SG,47,36,1433,281,646,.435,105,300,.350,176,346,.509,.516,70,90,.778,26,146,172,134,60,25,67,72,737,0,,vassede01
93,Russell Westbrook,36,DEN,PG,57,29,1575,276,601,.459,69,208,.332,207,393,.527,.517,107,168,.637,84,203,287,345,79,29,173,142,728,3,,westbru01
94,Buddy Hield,32,GSW,SG,64,22,1490,264,642,.411,159,441,.361,105,201,.522,.535,40,50,.800,37,172,209,105,55,20,77,107,727,0,,hieldbu01
95,Scoot Henderson,20,POR,PG,57,9,1515,247,577,.428,89,246,.362,158,331,.477,.505,142,182,.780,40,132,172,294,64,13,150,159,725,0,,hendesc01
96,Bilal Coulibaly,20,WAS,SF,58,58,1939,262,623,.421,63,224,.281,199,399,.499,.471,136,182,.747,91,201,292,198,78,41,124,139,723,1,,coulibi01
97,Onyeka Okongwu,24,ATL,C,57,23,1506,288,499,.577,25,91,.275,263,408,.645,.602,120,164,.732,170,311,481,126,50,54,62,138,721,0,,okongon01
98,Keldon Johnson,25,SAS,SF,59,0,1393,271,566,.479,67,210,.319,204,356,.573,.538,110,146,.753,78,189,267,89,33,13,56,89,719,0,,johnske04
99,Ty Jerome,27,CLE,SG,60,2,1175,256,508,.504,92,210,.438,164,298,.550,.594,111,123,.902,44,113,157,197,73,1,75,90,715,0,,jeromty01
100,Jaylen Wells,21,MEM,SG,64,59,1672,251,568,.442,121,325,.372,130,243,.535,.548,89,110,.809,73,137,210,108,37,8,62,119,712,0,,wellsja01
101,Harrison Barnes,32,SAS,PF,62,62,1691,242,493,.491,106,250,.424,136,243,.560,.598,121,153,.791,80,160,240,107,21,11,36,57,711,0,,barneha02
102,Jakob Poeltl,29,TOR,C,50,49,1509,310,505,.614,0,2,.000,310,503,.616,.614,91,134,.679,168,319,487,143,59,60,93,164,711,0,,poeltja01
103,John Collins,27,UTA,PF,38,29,1158,260,489,.532,56,134,.418,204,355,.575,.589,132,155,.852,82,228,310,78,37,40,100,111,708,0,,collijo01
104,Quentin Grimes,24,2TM,SG,60,22,1490,252,532,.474,111,283,.392,141,249,.566,.578,91,121,.752,46,200,246,148,48,17,85,105,706,0,,grimequ01
104,Quentin Grimes,24,DAL,SG,47,12,1070,169,365,.463,80,201,.398,89,164,.543,.573,62,81,.765,30,149,179,101,32,10,61,78,480,0,,grimequ01
104,Quentin Grimes,24,PHI,SG,13,10,420,83,167,.497,31,82,.378,52,85,.612,.590,29,40,.725,16,51,67,47,16,7,24,27,226,0,,grimequ01
105,Jalen Duren,21,DET,C,62,62,1604,289,414,.698,0,0,,289,414,.698,.698,123,179,.687,214,424,638,161,48,72,113,202,701,0,,durenja01
106,Jonas Valančiūnas,32,2TM,C,62,16,1251,285,519,.549,8,31,.258,277,488,.568,.557,119,137,.869,154,356,510,141,34,39,103,135,697,0,,valanjo01
106,Jonas Valančiūnas,32,WAS,C,49,12,983,231,422,.547,7,27,.259,224,395,.567,.556,95,106,.896,120,284,404,108,22,28,88,97,564,0,,valanjo01
106,Jonas Valančiūnas,32,SAC,C,13,4,268,54,97,.557,1,4,.250,53,93,.570,.562,24,31,.774,34,72,106,33,12,11,15,38,133,0,,valanjo01
107,Kyle Kuzma,29,2TM,PF,46,43,1361,266,625,.426,64,219,.292,202,406,.498,.477,97,154,.630,36,252,288,109,26,10,106,79,693,0,,kuzmaky01
107,Kyle Kuzma,29,WAS,PF,32,30,887,191,455,.420,45,160,.281,146,295,.495,.469,59,98,.602,27,158,185,79,20,7,73,52,486,0,,kuzmaky01
107,Kyle Kuzma,29,MIL,PF,14,13,474,75,170,.441,19,59,.322,56,111,.505,.497,38,56,.679,9,94,103,30,6,3,33,27,207,0,,kuzmaky01
108,Jalen Johnson,23,ATL,SF,36,36,1284,271,542,.500,44,141,.312,227,401,.566,.541,94,126,.746,62,297,359,181,56,36,106,67,680,1,,johnsja05
109,Jerami Grant,30,POR,PF,47,47,1524,214,574,.373,108,296,.365,106,278,.381,.467,141,166,.849,26,137,163,101,41,46,65,109,677,0,,grantje01
110,Santi Aldama,24,MEM,PF,53,13,1325,263,540,.487,96,256,.375,167,284,.588,.576,49,70,.700,84,270,354,150,42,29,53,57,671,0,,aldamsa01
111,Toumani Camara,24,POR,PF,63,63,2057,247,546,.452,96,261,.368,151,285,.530,.540,79,106,.745,145,232,377,135,92,41,93,192,669,0,,camarto01
112,Duncan Robinson,30,MIA,SF,60,30,1474,238,551,.432,152,396,.384,86,155,.555,.570,39,44,.886,15,131,146,159,33,5,72,115,667,0,,robindu01
113,Paul George,34,PHI,PF,41,41,1334,245,570,.430,96,268,.358,149,302,.493,.514,79,97,.814,24,195,219,178,75,20,106,101,665,0,,georgpa01
114,Rui Hachimura,26,LAL,PF,50,50,1605,253,500,.506,84,205,.410,169,295,.573,.590,75,98,.765,73,188,261,75,40,24,44,91,665,0,,hachiru01
115,Corey Kispert,25,WAS,SF,57,0,1510,241,532,.453,114,309,.369,127,223,.570,.560,68,81,.840,35,135,170,95,26,13,62,92,664,0,,kispeco01
116,Fred VanVleet,30,HOU,PG,46,46,1631,228,595,.383,121,356,.340,107,239,.448,.485,84,102,.824,30,150,180,266,75,20,71,111,661,0,,vanvlfr01
117,P.J. Washington,26,DAL,PF,47,46,1515,236,546,.432,74,198,.374,162,348,.466,.500,111,150,.740,74,306,380,110,55,50,88,114,657,0,,washipj01
118,Zaccharie Risacher,19,ATL,SF,57,55,1385,245,564,.434,83,241,.344,162,323,.502,.508,82,116,.707,71,132,203,71,44,29,68,108,655,0,,risacza01
119,Tyus Jones,28,PHO,PG,63,56,1784,237,536,.442,124,306,.405,113,230,.491,.558,46,52,.885,31,121,152,364,55,7,83,56,644,0,,jonesty01
120,Terry Rozier,30,MIA,PG,55,23,1508,235,583,.403,85,279,.305,150,304,.493,.476,89,103,.864,38,174,212,149,33,14,73,73,644,0,,roziete01
121,D'Angelo Russell,28,2TM,PG,49,27,1251,220,541,.407,97,297,.327,123,244,.504,.496,104,121,.860,15,120,135,249,47,20,93,93,641,0,,russeda01
121,D'Angelo Russell,28,LAL,PG,29,10,763,129,311,.415,56,168,.333,73,143,.510,.505,45,53,.849,8,72,80,136,23,4,50,53,359,0,,russeda01
121,D'Angelo Russell,28,BRK,PG,20,17,488,91,230,.396,41,129,.318,50,101,.495,.485,59,68,.868,7,48,55,113,24,16,43,40,282,0,,russeda01
122,Jimmy Butler,35,2TM,SF,37,37,1145,206,402,.512,18,61,.295,188,341,.551,.535,210,253,.830,83,112,195,184,41,13,47,36,640,1,,butleji01
122,Jimmy Butler,35,MIA,PF,25,25,766,142,263,.540,13,36,.361,129,227,.568,.565,129,161,.801,55,76,131,120,27,10,30,23,426,1,,butleji01
122,Jimmy Butler,35,GSW,SF,12,12,379,64,139,.460,5,25,.200,59,114,.518,.478,81,92,.880,28,36,64,64,14,3,17,13,214,0,,butleji01
123,Tim Hardaway Jr.,32,DET,SG,61,61,1724,210,520,.404,126,352,.358,84,168,.500,.525,91,109,.835,16,132,148,102,32,5,43,75,637,0,,hardati02
124,Zion Williamson,24,NOP,PF,26,26,738,251,446,.563,3,13,.231,248,433,.573,.566,131,205,.639,70,117,187,131,34,24,77,70,636,1,,willizi01
125,Bobby Portis,29,MIL,PF,46,7,1160,258,557,.463,60,165,.364,198,392,.505,.517,55,67,.821,83,300,383,102,31,25,56,87,631,0,,portibo01
126,Spencer Dinwiddie,31,DAL,PG,63,20,1596,202,502,.402,82,250,.328,120,252,.476,.484,144,179,.804,11,134,145,235,53,14,73,94,630,0,,dinwisp01
127,Amir Coffey,27,LAC,SG,62,13,1594,215,456,.471,91,222,.410,124,234,.530,.571,108,119,.908,29,117,146,68,34,7,42,114,629,0,,coffeam01
128,Naji Marshall,27,DAL,SF,52,18,1343,246,494,.498,48,168,.286,198,326,.607,.547,89,105,.848,57,183,240,146,55,7,77,80,629,0,,marshna01
129,Daniel Gafford,26,DAL,C,51,28,1115,253,362,.699,0,0,,253,362,.699,.699,121,173,.699,139,211,350,73,21,96,61,136,627,0,,gaffoda01
130,Guerschon Yabusele,29,PHI,C,59,32,1559,228,454,.502,88,225,.391,140,229,.611,.599,78,105,.743,110,211,321,116,47,22,74,140,622,0,,yabusgu01
131,Nickeil Alexander-Walker,26,MIN,SG,66,10,1681,220,497,.443,120,302,.397,100,195,.513,.563,60,79,.759,38,164,202,166,43,25,80,114,620,0,,alexani01
132,Rudy Gobert,32,MIN,C,56,56,1851,242,368,.658,0,0,,242,368,.658,.658,136,199,.683,197,384,581,103,40,85,76,136,620,0,,goberru01
133,Derrick Jones Jr.,27,LAC,SF,59,51,1465,247,473,.522,61,166,.367,186,307,.606,.587,61,84,.726,76,131,207,48,67,21,53,122,616,0,,jonesde02
134,Keon Johnson,22,BRK,SG,61,39,1450,220,590,.373,88,302,.291,132,288,.458,.447,78,98,.796,52,170,222,120,64,24,78,156,606,0,,johnske07
135,Kristaps Porziņģis,29,BOS,C,32,32,926,206,435,.474,77,191,.403,129,244,.529,.562,117,144,.813,50,167,217,62,27,51,38,91,606,0,,porzikr01
136,Julian Champagnie,23,SAS,SF,62,26,1450,206,492,.419,130,359,.362,76,133,.571,.551,57,63,.905,51,186,237,80,49,27,55,82,599,0,,champju02
137,Georges Niang,31,2TM,PF,62,2,1348,220,470,.468,122,304,.401,98,166,.590,.598,33,41,.805,41,199,240,88,22,12,55,159,595,0,,niangge01
137,Georges Niang,31,CLE,PF,51,1,1053,166,348,.477,90,225,.400,76,123,.618,.606,23,29,.793,34,155,189,67,17,7,48,129,445,0,,niangge01
137,Georges Niang,31,ATL,PF,11,1,295,54,122,.443,32,79,.405,22,43,.512,.574,10,12,.833,7,44,51,21,5,5,7,30,150,0,,niangge01
138,Obi Toppin,26,IND,PF,59,0,1130,227,426,.533,71,207,.343,156,219,.712,.616,67,84,.798,41,195,236,92,36,20,49,82,592,0,,toppiob01
139,Caris LeVert,30,2TM,SG,50,3,1247,213,451,.472,83,214,.388,130,237,.549,.564,81,114,.711,31,122,153,171,44,26,61,73,590,0,,leverca01
139,Caris LeVert,30,CLE,SF,38,3,904,135,298,.453,60,148,.405,75,150,.500,.554,58,83,.699,22,85,107,140,33,19,51,48,388,0,,leverca01
139,Caris LeVert,30,ATL,SG,12,0,343,78,153,.510,23,66,.348,55,87,.632,.585,23,31,.742,9,37,46,31,11,7,10,25,202,0,,leverca01
140,Gary Trent Jr.,26,MIL,SG,56,7,1398,207,474,.437,126,303,.416,81,171,.474,.570,48,57,.842,16,117,133,64,55,3,36,101,588,0,,trentga02
141,Max Christie,21,2TM,SG,61,33,1649,195,442,.441,91,237,.384,104,205,.507,.544,97,114,.851,32,152,184,114,50,27,60,98,578,0,,chrisma02
141,Max Christie,21,LAL,SG,46,25,1154,128,288,.444,60,163,.368,68,125,.544,.549,74,87,.851,25,98,123,66,35,21,39,73,390,0,,chrisma02
141,Max Christie,21,DAL,SG,15,8,495,67,154,.435,31,74,.419,36,80,.450,.536,23,27,.852,7,54,61,48,15,6,21,25,188,0,,chrisma02
142,Deandre Ayton,26,POR,C,40,40,1206,265,468,.566,6,32,.188,259,436,.594,.573,40,60,.667,124,282,406,64,31,39,69,88,576,0,,aytonde01
143,Cole Anthony,24,ORL,PG,59,21,1099,211,494,.427,67,189,.354,144,305,.472,.495,85,104,.817,43,138,181,172,42,27,96,140,574,0,,anthoco01
144,Jalen Wilson,24,BRK,PF,62,15,1642,190,480,.396,87,272,.320,103,208,.495,.486,107,128,.836,63,146,209,113,33,3,68,135,574,0,,wilsoja03
145,Julian Strawther,22,DEN,SG,61,4,1351,205,472,.434,94,263,.357,111,209,.531,.534,68,82,.829,16,116,132,81,38,15,57,146,572,0,,strawju01
146,Scotty Pippen Jr.,24,MEM,PG,63,17,1262,212,448,.473,59,164,.360,153,284,.539,.539,87,125,.696,53,154,207,263,76,21,110,156,570,1,,pippesc02
147,Bub Carrington,19,WAS,PG,62,42,1819,209,519,.403,101,291,.347,108,228,.474,.500,50,60,.833,27,221,248,250,46,13,96,144,569,0,,carrica01
148,Brandon Miller,22,CHO,SF,27,27,924,198,491,.403,104,293,.355,94,198,.475,.509,68,79,.861,25,106,131,98,29,20,76,74,568,0,,millebr02
149,Jalen Suggs,23,ORL,PG,35,35,1002,197,481,.410,76,242,.314,121,239,.506,.489,97,110,.882,23,118,141,129,51,33,102,98,567,0,,suggsja01
150,Luguentz Dort,25,OKC,SF,59,59,1707,202,482,.419,129,330,.391,73,152,.480,.553,33,42,.786,79,163,242,99,64,34,40,176,566,0,,dortlu01
151,Ayo Dosunmu,25,CHI,SG,46,26,1394,221,449,.492,62,189,.328,159,260,.612,.561,62,79,.785,26,135,161,208,43,18,69,105,566,1,,dosunay01
152,T.J. McConnell,32,IND,PG,59,0,1064,250,480,.521,13,41,.317,237,439,.540,.534,47,63,.746,31,111,142,265,67,16,86,58,560,0,,mccontj01
153,Grayson Allen,29,PHO,SG,52,3,1291,179,397,.451,127,293,.433,52,104,.500,.611,74,91,.813,28,136,164,113,46,19,56,77,559,0,,allengr01
154,Walker Kessler,23,UTA,C,48,48,1461,242,333,.727,2,6,.333,240,327,.734,.730,71,133,.534,225,368,593,76,29,116,73,107,557,0,,kesslwa01
155,Nic Claxton,25,BRK,C,55,47,1483,243,447,.544,1,15,.067,242,432,.560,.545,67,126,.532,122,286,408,122,52,84,68,116,554,0,,claxtni01
156,Chris Paul,39,SAS,PG,62,62,1776,185,443,.418,108,289,.374,77,154,.500,.540,76,81,.938,27,202,229,489,82,13,90,111,554,0,,paulch01
157,Anthony Black,21,ORL,PG,61,9,1462,193,464,.416,43,143,.301,150,321,.467,.462,123,165,.745,37,128,165,190,64,33,109,132,552,0,,blackan01
158,Royce O'Neale,31,PHO,SF,58,18,1470,195,450,.433,142,338,.420,53,112,.473,.591,19,26,.731,46,235,281,124,56,27,50,118,551,0,,onealro01
159,Alex Sarr,19,WAS,C,47,47,1264,209,531,.394,69,223,.309,140,308,.455,.459,64,103,.621,83,228,311,107,32,70,65,110,551,0,,sarral01
160,Cam Thomas,23,BRK,SG,23,21,717,181,409,.443,61,175,.349,120,234,.513,.517,125,142,.880,12,64,76,81,14,1,58,42,548,0,,thomaca02
161,Donte DiVincenzo,28,MIN,SG,47,9,1247,184,445,.413,133,337,.395,51,108,.472,.563,44,56,.786,25,151,176,173,59,9,77,80,545,0,,divindo01
162,Yves Missi,20,NOP,C,62,56,1673,222,408,.544,0,1,.000,222,407,.545,.544,100,157,.637,215,281,496,81,35,83,72,130,544,0,,missiyv01
163,Dejounte Murray,28,NOP,PG,31,31,1012,194,494,.393,52,174,.299,142,320,.444,.445,102,124,.823,17,183,200,228,63,12,106,61,542,1,,murrade01
164,Kentavious Caldwell-Pope,31,ORL,SG,62,62,1881,193,455,.424,84,270,.311,109,185,.589,.516,71,82,.866,23,108,131,108,84,29,52,123,541,0,,caldwke01
165,Ochai Agbaji,24,TOR,SG,54,38,1457,215,426,.505,81,203,.399,134,223,.601,.600,28,42,.667,47,151,198,81,45,28,42,101,539,0,,agbajoc01
166,Isaiah Joe,25,OKC,SG,57,12,1177,187,435,.430,136,342,.398,51,93,.548,.586,28,37,.757,29,115,144,83,39,9,25,94,538,0,,joeis01
167,Jonathan Kuminga,22,GSW,PF,32,10,832,194,423,.459,40,116,.345,154,307,.502,.506,108,169,.639,44,115,159,70,29,18,50,61,536,0,,kuminjo01
168,Moses Moody,22,GSW,SG,56,16,1168,182,415,.439,95,248,.383,87,167,.521,.553,77,100,.770,37,101,138,65,33,22,38,84,536,0,,moodymo01
169,Dalton Knecht,23,LAL,SF,59,12,1181,194,416,.466,95,261,.364,99,155,.639,.581,51,65,.785,30,144,174,50,22,5,28,72,534,0,,knechda01
170,Jordan Clarkson,32,UTA,SG,32,9,852,180,442,.407,76,208,.365,104,234,.444,.493,95,118,.805,22,81,103,124,27,8,66,50,531,0,,clarkjo01
171,Jaden Ivey,22,DET,SG,30,30,898,190,413,.460,63,154,.409,127,259,.490,.536,85,116,.733,40,84,124,119,28,11,89,67,528,0,,iveyja01
172,Kevin Porter Jr.,24,2TM,SG,57,2,1075,213,485,.439,31,121,.256,182,364,.500,.471,68,99,.687,32,163,195,183,59,11,108,84,525,1,,porteke02
172,Kevin Porter Jr.,24,LAC,SG,45,2,884,172,407,.423,26,106,.245,146,301,.485,.455,49,76,.645,29,131,160,144,43,11,84,70,419,0,,porteke02
172,Kevin Porter Jr.,24,MIL,SG,12,0,191,41,78,.526,5,15,.333,36,63,.571,.558,19,23,.826,3,32,35,39,16,0,24,14,106,1,,porteke02
173,Jrue Holiday,34,BOS,PG,48,48,1448,190,433,.439,82,240,.342,108,193,.560,.533,54,60,.900,54,151,205,173,46,20,66,77,516,0,,holidjr01
174,Brice Sensabaugh,21,UTA,SF,53,8,986,186,421,.442,96,253,.379,90,168,.536,.556,45,49,.918,33,107,140,71,29,4,76,77,513,0,,sensabr01
175,Jordan Hawkins,22,NOP,SG,47,7,1097,176,471,.374,92,275,.335,84,196,.429,.471,67,81,.827,22,106,128,53,29,19,46,37,511,0,,hawkijo01
176,Brandin Podziemski,21,GSW,SG,50,19,1270,191,447,.427,68,213,.319,123,234,.526,.503,56,74,.757,52,191,243,171,53,12,54,74,506,0,,podzibr01
177,Chris Boucher,32,TOR,PF,50,0,862,182,370,.492,70,193,.363,112,177,.633,.586,68,87,.782,70,154,224,33,24,25,29,68,502,0,,bouchch01
178,Tari Eason,23,HOU,PF,42,8,1032,196,402,.488,48,133,.361,148,269,.550,.547,60,79,.759,94,165,259,56,79,36,48,104,500,0,,easonta01
179,Aaron Gordon,29,DEN,PF,38,29,1018,178,345,.516,52,117,.444,126,228,.553,.591,88,111,.793,59,122,181,114,18,9,46,58,496,0,,gordoaa01
180,Nikola Jović,21,MIA,PF,46,10,1156,172,377,.456,78,210,.371,94,167,.563,.560,72,87,.828,26,154,180,131,38,13,60,82,494,0,,jovicni01
181,Keon Ellis,25,SAC,SG,61,14,1411,167,351,.476,104,241,.432,63,110,.573,.624,55,64,.859,47,110,157,80,89,50,49,120,493,0,,elliske01
182,Taurean Prince,30,MIL,SF,62,55,1646,175,391,.448,116,259,.448,59,132,.447,.596,26,31,.839,29,202,231,126,51,8,65,127,492,0,,princta02
183,Jabari Smith Jr.,21,HOU,PF,42,37,1291,173,408,.424,70,202,.347,103,206,.500,.510,75,91,.824,79,199,278,40,14,36,41,98,491,0,,smithja05
184,Brandon Clarke,28,MEM,PF,59,18,1125,215,350,.614,1,17,.059,214,333,.643,.616,55,79,.696,117,189,306,61,46,35,37,137,486,0,,clarkbr01
185,Clint Capela,30,ATL,C,54,41,1158,216,385,.561,0,1,.000,216,384,.563,.561,52,97,.536,171,289,460,61,33,51,47,106,484,0,,capelca01
186,Ziaire Williams,23,BRK,SF,49,31,1180,163,401,.406,73,220,.332,90,181,.497,.498,85,103,.825,54,175,229,68,47,20,50,119,484,0,,willizi02
187,Jeremy Sochan,21,SAS,PF,43,19,1087,196,359,.546,21,63,.333,175,296,.591,.575,66,97,.680,101,193,294,106,36,23,69,102,479,0,,sochaje01
188,Miles McBride,24,NYK,PG,53,2,1267,171,420,.407,88,244,.361,83,176,.472,.512,46,55,.836,41,91,132,139,48,13,34,79,476,0,,mcbrimi01
189,Andrew Nembhard,25,IND,SG,46,46,1334,179,382,.469,36,116,.310,143,266,.538,.516,81,102,.794,24,124,148,238,62,8,87,112,475,0,,nembhan01
190,Tristan Da Silva,23,ORL,SF,61,35,1424,175,413,.424,70,209,.335,105,204,.515,.508,51,59,.864,66,148,214,98,29,15,50,84,471,0,,dasiltr01
191,Isaiah Hartenstein,26,OKC,C,43,41,1217,205,356,.576,0,14,.000,205,342,.599,.576,57,87,.655,128,359,487,170,34,45,74,129,467,0,,harteis01
192,Kyshawn George,21,WAS,SG,56,26,1510,159,444,.358,92,297,.310,67,147,.456,.462,56,74,.757,42,192,234,137,52,42,85,168,466,0,,georgky01
193,Luke Kennard,28,MEM,SG,50,8,1116,163,342,.477,95,211,.450,68,131,.519,.615,45,51,.882,31,109,140,173,36,4,53,42,466,0,,kennalu01
194,Wendell Carter Jr.,25,ORL,C,52,35,1329,168,365,.460,24,113,.212,144,252,.571,.493,105,144,.729,108,275,383,114,41,25,60,152,465,0,,cartewe01
195,Mike Conley,37,MIN,PG,56,50,1390,147,378,.389,103,255,.404,44,123,.358,.525,68,74,.919,27,120,147,251,66,11,59,89,465,0,,conlemi01
196,Jalen Smith,24,CHI,C,56,1,857,166,356,.466,68,200,.340,98,156,.628,.562,65,79,.823,79,233,312,54,15,41,34,89,465,0,,smithja04
197,Mark Williams,23,CHO,C,30,27,771,183,313,.585,0,1,.000,183,312,.587,.585,98,126,.778,93,203,296,68,19,36,37,76,464,0,,willima07
198,Zach Edey,22,MEM,C,50,42,1044,191,331,.577,16,44,.364,175,287,.610,.601,63,90,.700,176,220,396,44,29,62,67,129,461,0,,edeyza01
199,Joel Embiid,30,PHI,C,19,19,574,140,315,.444,23,77,.299,117,238,.492,.481,149,169,.882,36,119,155,85,14,18,62,42,452,1,,embiijo01
200,Kyle Filipowski,21,UTA,C,54,14,1050,168,322,.522,52,132,.394,116,190,.611,.602,63,101,.624,74,214,288,106,32,8,70,119,451,0,,filipky01
201,Draymond Green,34,GSW,PF,50,48,1442,157,367,.428,55,167,.329,102,200,.510,.503,81,119,.681,57,252,309,294,66,50,121,155,450,0,,greendr01
202,Brandon Boston Jr.,23,NOP,SG,42,10,993,166,381,.436,49,140,.350,117,241,.485,.500,67,85,.788,28,106,134,92,53,9,52,73,448,0,,bostobr01
203,Matas Buzelis,20,CHI,SF,62,13,1044,165,379,.435,60,181,.331,105,198,.530,.515,58,69,.841,42,150,192,50,16,53,47,100,448,0,,buzelma01
204,Jaime Jaquez Jr.,23,MIA,SF,51,12,1113,163,366,.445,28,95,.295,135,271,.498,.484,94,122,.770,62,168,230,129,52,9,75,74,448,1,,jaqueja01
205,Kevin Huerter,26,2TM,SG,53,16,1152,165,412,.400,88,277,.318,77,135,.570,.507,29,41,.707,25,122,147,96,49,17,49,88,447,0,,huertke01
205,Kevin Huerter,26,SAC,SG,43,15,899,128,310,.413,62,205,.302,66,105,.629,.513,20,28,.714,19,101,120,74,36,16,37,70,338,0,,huertke01
205,Kevin Huerter,26,CHI,SG,10,1,253,37,102,.363,26,72,.361,11,30,.367,.490,9,13,.692,6,21,27,22,13,1,12,18,109,0,,huertke01
206,Goga Bitadze,25,ORL,C,54,41,1207,180,288,.625,2,22,.091,178,266,.669,.628,68,107,.636,136,259,395,111,39,85,63,117,430,0,,bitadgo01
207,A.J. Green,25,MIL,SG,56,6,1279,144,337,.427,121,288,.420,23,49,.469,.607,19,21,.905,13,117,130,75,31,6,30,123,428,0,,greenaj01
208,Cason Wallace,21,OKC,SG,55,36,1499,173,384,.451,58,174,.333,115,210,.548,.526,22,26,.846,56,132,188,134,94,29,42,125,426,0,,wallaca01
209,Nick Richards,27,2TM,C,45,32,998,160,267,.599,0,2,.000,160,265,.604,.599,105,144,.729,111,272,383,42,11,48,65,113,425,0,,richani01
209,Nick Richards,27,CHO,C,21,9,440,64,114,.561,0,1,.000,64,113,.566,.561,59,87,.678,51,107,158,28,7,26,33,48,187,0,,richani01
209,Nick Richards,27,PHO,C,24,23,558,96,153,.627,0,1,.000,96,152,.632,.627,46,57,.807,60,165,225,14,4,22,32,65,238,0,,richani01
210,Isaiah Collier,20,UTA,PG,56,31,1382,164,404,.406,29,127,.228,135,277,.487,.442,65,99,.657,23,154,177,347,49,12,166,123,422,0,,colliis01
211,Josh Green,24,CHO,SG,57,56,1627,149,351,.425,80,207,.386,69,144,.479,.538,41,62,.661,50,103,153,90,63,13,55,145,419,0,,greenjo02
212,Dalano Banton,25,POR,PG,51,0,777,147,349,.421,56,154,.364,91,195,.467,.501,66,93,.710,19,79,98,108,33,23,63,41,416,0,,bantoda01
213,Al Horford,38,BOS,C,50,34,1362,151,361,.418,88,246,.358,63,115,.548,.540,25,28,.893,58,230,288,95,32,43,36,72,415,0,,horfoal01
214,Immanuel Quickley,25,TOR,PG,24,24,683,134,315,.425,60,157,.382,74,158,.468,.521,86,99,.869,9,70,79,131,14,3,43,47,414,0,,quickim01
215,Ausar Thompson,22,DET,SF,43,32,934,174,315,.552,7,33,.212,167,282,.592,.563,56,95,.589,78,137,215,98,79,21,60,119,411,0,,thompau01
216,Patrick Williams,23,CHI,PF,45,35,1179,145,387,.375,71,202,.351,74,185,.400,.466,50,65,.769,34,147,181,92,34,27,60,59,411,0,,willipa01
217,Ron Holland,19,DET,SF,65,1,1007,151,331,.456,29,127,.228,122,204,.598,.500,72,91,.791,31,136,167,57,39,9,52,112,403,0,,hollaro01
218,Peyton Watson,22,DEN,SF,51,12,1205,145,309,.469,35,101,.347,110,208,.529,.526,76,103,.738,39,131,170,75,41,60,43,87,401,0,,watsope01
219,Brandon Ingram,27,NOP,SF,18,18,595,155,333,.465,43,115,.374,112,218,.514,.530,47,55,.855,17,83,100,93,16,11,69,45,400,0,,ingrabr01
220,Kawhi Leonard,33,LAC,SF,22,22,647,156,344,.453,39,111,.351,117,233,.502,.510,48,62,.774,21,89,110,62,27,10,47,32,399,0,,leonaka01
221,Jose Alvarado,26,NOP,PG,41,12,969,138,347,.398,81,215,.377,57,132,.432,.514,40,48,.833,20,79,99,189,56,11,43,71,397,0,,alvarjo01
222,Jake LaRavia,23,2TM,PF,59,0,1200,138,296,.466,50,120,.417,88,176,.500,.551,70,104,.673,86,157,243,150,54,22,80,115,396,0,,laravja01
222,Jake LaRavia,23,MEM,PF,47,0,982,118,241,.490,40,90,.444,78,151,.517,.573,67,96,.698,67,138,205,133,44,20,69,92,343,0,,laravja01
222,Jake LaRavia,23,SAC,PF,12,0,218,20,55,.364,10,30,.333,10,25,.400,.455,3,8,.375,19,19,38,17,10,2,11,23,53,0,,laravja01
223,Sam Hauser,27,BOS,PF,54,12,1106,141,322,.438,109,275,.396,32,47,.681,.607,4,4,1.000,35,129,164,50,32,10,19,64,395,0,,hausesa01
224,Cameron Payne,30,NYK,PG,57,1,812,140,342,.409,74,203,.365,66,139,.475,.518,41,46,.891,11,70,81,152,33,13,37,87,395,0,,payneca01
225,Sam Merrill,28,CLE,SG,55,2,1055,131,323,.406,105,281,.374,26,42,.619,.568,27,28,.964,27,83,110,76,38,10,23,98,394,0,,merrisa01
226,Nick Smith Jr.,20,CHO,SG,44,24,972,152,398,.382,67,217,.309,85,181,.470,.466,22,24,.917,10,77,87,90,16,6,54,57,393,0,,smithni01
227,Kel'el Ware,20,MIA,C,45,19,921,164,301,.545,27,81,.333,137,220,.623,.590,35,48,.729,72,223,295,39,27,49,40,67,390,0,,wareke01
228,Davion Mitchell,26,2TM,PG,56,34,1472,149,328,.454,59,154,.383,90,174,.517,.544,33,50,.660,23,88,111,266,44,11,96,142,390,0,,mitchda01
228,Davion Mitchell,26,TOR,PG,44,22,1080,106,244,.434,42,117,.359,64,127,.504,.520,25,37,.676,16,69,85,203,31,8,78,116,279,0,,mitchda01
228,Davion Mitchell,26,MIA,PG,12,12,392,43,84,.512,17,37,.459,26,47,.553,.613,8,13,.615,7,19,26,63,13,3,18,26,111,0,,mitchda01
229,Dorian Finney-Smith,31,2TM,PF,47,31,1328,140,316,.443,86,219,.393,54,97,.557,.579,22,33,.667,66,123,189,62,44,15,43,104,388,0,,finnedo01
229,Dorian Finney-Smith,31,BRK,PF,20,20,579,73,159,.459,47,108,.435,26,51,.510,.607,15,24,.625,31,60,91,31,18,12,18,54,208,0,,finnedo01
229,Dorian Finney-Smith,31,LAL,PF,27,11,749,67,157,.427,39,111,.351,28,46,.609,.551,7,9,.778,35,63,98,31,26,3,25,50,180,0,,finnedo01
230,Moritz Wagner,27,ORL,C,30,1,564,140,249,.562,27,75,.360,113,174,.649,.616,79,110,.718,40,108,148,42,24,12,49,55,386,0,,wagnemo01
231,Cam Whitmore,20,HOU,SF,41,1,699,143,339,.422,51,156,.327,92,183,.503,.497,48,65,.738,30,99,129,39,27,12,37,41,385,0,,whitmca01
232,Bogdan Bogdanović,32,2TM,SG,36,3,923,135,348,.388,68,218,.312,67,130,.515,.486,40,47,.851,17,84,101,87,29,9,53,89,378,0,,bogdabo01
232,Bogdan Bogdanović,32,ATL,SG,24,0,598,83,224,.371,44,146,.301,39,78,.500,.469,30,34,.882,12,54,66,49,20,6,37,57,240,0,,bogdabo01
232,Bogdan Bogdanović,32,LAC,SG,12,3,325,52,124,.419,24,72,.333,28,52,.538,.516,10,13,.769,5,30,35,38,9,3,16,32,138,0,,bogdabo01
233,Khris Middleton,33,2TM,SF,30,14,705,137,275,.498,41,110,.373,96,165,.582,.573,61,72,.847,8,106,114,131,29,8,50,67,376,0,,middlkh01
233,Khris Middleton,33,MIL,SF,23,7,534,108,211,.512,35,86,.407,73,125,.584,.595,39,46,.848,5,80,85,102,17,5,37,52,290,0,,middlkh01
233,Khris Middleton,33,WAS,SF,7,7,171,29,64,.453,6,24,.250,23,40,.575,.500,22,26,.846,3,26,29,29,12,3,13,15,86,0,,middlkh01
234,Trayce Jackson-Davis,24,GSW,C,52,37,914,161,281,.573,0,1,.000,161,280,.575,.573,52,88,.591,110,179,289,98,22,37,41,68,374,0,,jackstr02
235,Johnny Juzang,23,UTA,SG,47,11,853,129,305,.423,80,213,.376,49,92,.533,.554,35,43,.814,31,101,132,43,22,7,24,91,373,0,,juzanjo01
236,Haywood Highsmith,28,MIA,SF,56,39,1362,138,291,.474,68,171,.398,70,120,.583,.591,27,36,.750,48,129,177,78,51,33,39,123,371,0,,highsha01
237,Tyrese Martin,25,BRK,SG,45,6,942,134,329,.407,68,200,.340,66,129,.512,.511,34,44,.773,46,118,164,72,23,7,55,50,370,0,,martity01
238,Jaden Hardy,22,DAL,SG,46,3,697,134,313,.428,58,151,.384,76,162,.469,.521,41,61,.672,8,63,71,64,22,5,64,71,367,0,,hardyja02
239,Jamal Shead,22,TOR,PG,58,2,1035,139,332,.419,48,143,.336,91,189,.481,.491,31,41,.756,18,57,75,216,32,6,90,119,357,0,,sheadja01
240,Jared McCain,20,PHI,SG,23,8,592,126,274,.460,51,133,.383,75,141,.532,.553,49,56,.875,13,43,56,60,15,0,37,37,352,0,,mccaija01
241,Noah Clowney,20,BRK,PF,38,18,871,112,304,.368,74,214,.346,38,90,.422,.490,51,60,.850,35,114,149,31,20,19,38,88,349,0,,clownno01
242,Kris Dunn,30,LAC,PG,57,41,1365,144,335,.430,52,171,.304,92,164,.561,.507,9,16,.563,47,155,202,174,103,22,60,149,349,0,,dunnkr01
243,Jay Huff,26,MEM,C,50,1,595,123,237,.519,66,159,.415,57,78,.731,.658,37,48,.771,24,78,102,32,12,43,28,64,349,0,,huffja01
244,Simone Fontecchio,29,DET,SF,58,0,990,114,297,.384,57,180,.317,57,117,.487,.480,62,76,.816,40,134,174,53,23,11,45,75,347,0,,fontesi01
245,Isaiah Stewart,23,DET,C,59,3,1169,138,256,.539,12,42,.286,126,214,.589,.563,56,75,.747,112,219,331,97,20,82,57,145,344,0,,stewais01
246,Ja'Kobe Walter,20,TOR,SG,44,11,879,125,309,.405,44,141,.312,81,168,.482,.476,50,67,.746,43,83,126,56,31,8,40,81,344,0,,walteja01
247,Garrison Mathews,28,ATL,SG,44,2,776,96,242,.397,80,205,.390,16,37,.432,.562,63,77,.818,13,68,81,57,26,13,29,77,335,0,,mathega01
248,Day'Ron Sharpe,23,BRK,C,41,1,726,134,257,.521,9,38,.237,125,219,.571,.539,53,68,.779,120,141,261,69,35,35,55,100,330,0,,sharpda01
249,Ryan Dunn,22,PHO,SF,56,28,966,134,311,.431,50,166,.301,84,145,.579,.511,11,25,.440,52,122,174,44,22,30,25,119,329,0,,dunnry01
250,Terance Mann,28,2TM,SG,49,12,996,126,268,.470,43,110,.391,83,158,.525,.550,32,50,.640,50,92,142,88,34,13,36,95,327,0,,mannte01
250,Terance Mann,28,LAC,SG,37,12,732,87,195,.446,26,75,.347,61,120,.508,.513,23,32,.719,32,75,107,59,28,11,25,68,223,0,,mannte01
250,Terance Mann,28,ATL,SG,12,0,264,39,73,.534,17,35,.486,22,38,.579,.651,9,18,.500,18,17,35,29,6,2,11,27,104,0,,mannte01
251,Ricky Council IV,23,PHI,SF,54,4,763,111,276,.402,37,126,.294,74,150,.493,.469,67,82,.817,35,82,117,63,25,7,29,43,326,0,,councri01
252,Justin Champagnie,23,WAS,SF,43,15,781,122,242,.504,45,119,.378,77,123,.626,.597,35,49,.714,63,132,195,38,37,27,36,71,324,0,,champju01
253,Seth Curry,34,CHO,SG,52,9,757,119,252,.472,63,138,.457,56,114,.491,.597,20,25,.800,23,64,87,35,23,7,22,47,321,0,,curryse01
254,Thomas Bryant,27,2TM,C,46,5,694,123,234,.526,37,101,.366,86,133,.647,.605,35,42,.833,69,122,191,49,20,27,23,52,318,0,,bryanth01
254,Thomas Bryant,27,MIA,C,10,0,115,12,28,.429,6,17,.353,6,11,.545,.536,11,11,1.000,6,26,32,4,1,9,2,9,41,0,,bryanth01
254,Thomas Bryant,27,IND,C,36,5,579,111,206,.539,31,84,.369,80,122,.656,.614,24,31,.774,63,96,159,45,19,18,21,43,277,0,,bryanth01
255,Jonathan Isaac,27,ORL,PF,56,0,904,113,275,.411,35,134,.261,78,141,.553,.475,55,81,.679,98,168,266,28,44,63,24,76,316,0,,isaacjo01
256,Trey Lyles,29,SAC,PF,52,2,947,110,272,.404,60,177,.339,50,95,.526,.515,36,53,.679,55,177,232,59,29,20,27,61,316,0,,lylestr01
257,Jarace Walker,21,IND,PF,58,2,891,116,254,.457,46,127,.362,70,127,.551,.547,38,59,.644,21,148,169,79,46,21,59,88,316,0,,walkeja02
258,Max Strus,28,CLE,SF,35,22,871,110,260,.423,80,209,.383,30,51,.588,.577,14,16,.875,35,116,151,106,22,10,34,74,314,0,,strusma01
259,Cody Martin,29,CHO,SF,39,8,967,116,268,.433,40,124,.323,76,144,.528,.507,34,49,.694,40,136,176,89,43,26,42,72,306,0,,martico01
260,Javonte Green,31,2TM,SG,53,18,1119,107,233,.459,41,113,.363,66,120,.550,.547,51,69,.739,50,137,187,47,55,30,29,79,306,0,,greenja02
260,Javonte Green,31,NOP,SG,50,18,1092,100,224,.446,38,108,.352,62,116,.534,.531,50,66,.758,49,129,178,45,55,30,28,77,288,0,,greenja02
260,Javonte Green,31,CLE,SG,3,0,27,7,9,.778,3,5,.600,4,4,1.000,.944,1,3,.333,1,8,9,2,0,0,1,2,18,0,,greenja02
261,Malcolm Brogdon,32,WAS,PG,24,13,564,104,240,.433,16,56,.286,88,184,.478,.467,81,92,.880,21,70,91,98,13,5,38,30,305,0,,brogdma01
262,Gabe Vincent,28,LAL,PG,54,8,1114,113,293,.386,68,208,.327,45,85,.529,.502,9,14,.643,13,52,65,78,40,12,32,110,303,0,,vincega01
263,Donovan Clingan,20,POR,C,51,21,879,123,224,.549,7,27,.259,116,197,.589,.565,43,69,.623,141,219,360,46,24,79,61,139,296,0,,clingdo01
264,Moussa Diabaté,23,CHO,C,54,8,1005,123,207,.594,0,2,.000,123,205,.600,.594,50,87,.575,161,204,365,48,37,35,49,89,296,0,,diabamo01
265,Gary Payton II,32,GSW,SG,51,10,711,126,224,.563,17,68,.250,109,156,.699,.600,27,37,.730,44,105,149,67,37,14,31,89,296,0,,paytoga02
266,Zach Collins,27,2TM,PF,46,11,677,107,216,.495,24,78,.308,83,138,.601,.551,56,64,.875,68,118,186,76,23,20,35,97,294,0,,colliza01
266,Zach Collins,27,SAS,C,36,4,425,61,132,.462,14,46,.304,47,86,.547,.515,31,35,.886,38,63,101,52,14,15,23,70,167,0,,colliza01
266,Zach Collins,27,CHI,PF,10,7,252,46,84,.548,10,32,.313,36,52,.692,.607,25,29,.862,30,55,85,24,9,5,12,27,127,0,,colliza01
267,Dereck Lively II,20,DAL,C,32,25,768,124,177,.701,0,0,,124,177,.701,.701,44,69,.638,99,152,251,84,17,54,39,94,292,0,,livelde01
268,Luke Kornet,29,BOS,C,56,10,992,120,181,.663,0,1,.000,120,180,.667,.663,51,71,.718,132,147,279,94,28,56,26,87,291,0,,kornelu01
269,Kenrich Williams,30,OKC,PF,52,2,757,113,234,.483,45,117,.385,68,117,.581,.579,19,22,.864,47,121,168,61,30,7,28,76,290,0,,willike04
270,Andre Drummond,31,PHI,C,39,22,725,115,228,.504,3,19,.158,112,209,.536,.511,56,90,.622,107,197,304,33,39,16,55,92,289,0,,drumman01
271,Mason Plumlee,34,PHO,C,63,18,1140,109,179,.609,0,3,.000,109,176,.619,.609,71,107,.664,100,299,399,119,28,43,49,138,289,0,,plumlma01
272,Jared Butler,24,2TM,SG,41,1,502,110,233,.472,22,66,.333,88,167,.527,.519,46,58,.793,18,44,62,116,16,8,43,50,288,0,,butleja02
272,Jared Butler,24,WAS,PG,32,0,362,85,176,.483,15,41,.366,70,135,.519,.526,35,45,.778,14,27,41,82,12,5,29,40,220,0,,butleja02
272,Jared Butler,24,PHI,SG,9,1,140,25,57,.439,7,25,.280,18,32,.563,.500,11,13,.846,4,17,21,34,4,3,14,10,68,0,,butleja02
273,Ben Sheppard,23,IND,SG,48,9,974,104,238,.437,59,163,.362,45,75,.600,.561,19,21,.905,33,98,131,59,29,12,15,98,286,0,,sheppbe01
274,Caleb Martin,29,2TM,SF,33,24,975,103,239,.431,33,90,.367,70,149,.470,.500,47,75,.627,44,97,141,74,36,21,45,65,286,0,,martica02
274,Caleb Martin,29,PHI,SF,31,24,943,101,232,.435,33,87,.379,68,145,.469,.506,46,74,.622,43,93,136,69,34,20,43,63,281,0,,martica02
274,Caleb Martin,29,DAL,SF,2,0,32,2,7,.286,0,3,.000,2,4,.500,.286,1,1,1.000,1,4,5,5,2,1,2,2,5,0,,martica02
275,Chet Holmgren,22,OKC,C,19,19,500,100,200,.500,24,66,.364,76,134,.567,.560,60,79,.759,34,127,161,36,17,53,36,40,284,0,,holmgch01
276,Kevon Looney,28,GSW,C,58,6,907,119,235,.506,0,3,.000,119,232,.513,.506,45,80,.563,158,223,381,99,38,27,34,129,283,0,,looneke01
277,Aaron Nesmith,25,IND,SF,27,19,643,101,203,.498,40,104,.385,61,99,.616,.596,41,45,.911,18,80,98,37,17,11,23,69,283,0,,nesmiaa01
278,Jeremiah Robinson-Earl,24,NOP,PF,50,6,861,106,236,.449,37,111,.333,69,125,.552,.528,32,38,.842,78,140,218,55,29,7,31,58,281,0,,robinje02
279,Precious Achiuwa,25,NYK,C,40,8,893,119,227,.524,9,29,.310,110,198,.556,.544,32,51,.627,85,161,246,44,35,32,31,62,279,0,,achiupr01
280,Marcus Sasser,24,DET,PG,47,0,636,103,222,.464,43,117,.368,60,105,.571,.561,26,31,.839,14,39,53,105,29,4,41,61,275,0,,sassema01
281,Jusuf Nurkić,30,2TM,C,33,27,742,97,215,.451,21,77,.273,76,138,.551,.500,60,89,.674,65,232,297,77,32,24,70,95,275,0,,nurkiju01
281,Jusuf Nurkić,30,PHO,C,25,23,592,74,163,.454,19,59,.322,55,104,.529,.512,48,69,.696,46,183,229,47,23,16,57,78,215,0,,nurkiju01
281,Jusuf Nurkić,30,CHO,C,8,4,150,23,52,.442,2,18,.111,21,34,.618,.462,12,20,.600,19,49,68,30,9,8,13,17,60,0,,nurkiju01
282,Shake Milton,28,2TM,SG,46,1,705,98,210,.467,36,96,.375,62,114,.544,.552,40,50,.800,24,62,86,90,20,3,33,57,272,0,,miltosh01
282,Shake Milton,28,BRK,SG,27,1,492,73,157,.465,28,72,.389,45,85,.529,.554,25,33,.758,16,35,51,64,15,1,20,43,199,0,,miltosh01
282,Shake Milton,28,LAL,SG,19,0,213,25,53,.472,8,24,.333,17,29,.586,.547,15,17,.882,8,27,35,26,5,2,13,14,73,0,,miltosh01
283,Talen Horton-Tucker,24,CHI,SG,46,0,537,98,219,.447,35,95,.368,63,124,.508,.527,38,55,.691,15,67,82,64,16,10,32,48,269,0,,hortota01
284,Vasilije Micić,31,2TM,PG,37,16,766,95,273,.348,45,125,.360,50,148,.338,.430,34,41,.829,20,67,87,127,15,0,74,44,269,0,,micicva01
284,Vasilije Micić,31,CHO,PG,36,16,764,95,273,.348,45,125,.360,50,148,.338,.430,34,41,.829,20,67,87,127,15,0,74,44,269,0,,micicva01
284,Vasilije Micić,31,PHO,PG,1,0,2,0,0,,0,0,,0,0,,,0,0,,0,0,0,0,0,0,0,0,0,0,,micicva01
285,Vit Krejci,24,ATL,PG,39,15,811,96,215,.447,56,146,.384,40,69,.580,.577,20,30,.667,15,92,107,105,28,19,35,74,268,0,,krejcvi01
286,Julian Phillips,21,CHI,SF,62,3,840,93,213,.437,37,116,.319,56,97,.577,.523,45,61,.738,52,73,125,24,26,16,24,83,268,0,,phillju01
287,Lonzo Ball,27,CHI,PG,35,14,777,89,243,.366,67,195,.344,22,48,.458,.504,22,27,.815,25,93,118,115,47,17,41,55,267,0,,balllo01
288,Eric Gordon,36,PHI,SG,39,13,768,87,204,.426,56,137,.409,31,67,.463,.564,36,48,.750,8,38,46,65,26,12,28,32,266,0,,gordoer01
289,Kelly Olynyk,33,2TM,C,33,11,611,91,187,.487,26,63,.413,65,124,.524,.556,55,71,.775,43,111,154,87,21,13,51,85,263,0,,olynyke01
289,Kelly Olynyk,33,TOR,C,24,2,383,59,118,.500,19,43,.442,40,75,.533,.581,34,43,.791,25,64,89,56,16,8,35,59,171,0,,olynyke01
289,Kelly Olynyk,33,NOP,C,9,9,228,32,69,.464,7,20,.350,25,49,.510,.514,21,28,.750,18,47,65,31,5,5,16,26,92,0,,olynyke01
290,Alex Caruso,30,OKC,SG,41,1,780,99,229,.432,46,132,.348,53,97,.546,.533,18,22,.818,29,83,112,105,69,22,25,77,262,0,,carusal01
291,Jonathan Mogbo,23,TOR,PF,49,11,877,101,224,.451,14,47,.298,87,177,.492,.482,45,64,.703,77,125,202,80,38,25,44,102,261,0,,mogbojo01
292,Jaxson Hayes,24,LAL,C,40,19,766,105,147,.714,0,2,.000,105,145,.724,.714,47,64,.734,56,126,182,42,22,41,31,93,257,0,,hayesja02
293,Justin Edwards,21,PHI,SF,30,12,736,97,212,.458,43,120,.358,54,92,.587,.559,18,25,.720,30,65,95,42,24,8,28,70,255,0,,edwarju01
294,Tidjane Salaün,19,CHO,PF,48,8,915,81,254,.319,44,152,.289,37,102,.363,.406,46,64,.719,56,146,202,52,26,12,44,58,252,0,,salauti01
295,Neemias Queta,25,BOS,C,49,6,700,107,168,.637,0,3,.000,107,165,.648,.637,35,48,.729,72,116,188,33,15,33,30,89,249,0,,quetane01
296,Trendon Watford,24,BRK,PF,27,0,491,90,198,.455,17,55,.309,73,143,.510,.497,50,63,.794,21,70,91,55,18,7,45,59,247,0,,watfotr01
297,Svi Mykhailiuk,27,UTA,SF,26,12,515,87,224,.388,52,153,.340,35,71,.493,.504,19,24,.792,14,47,61,50,16,6,40,32,245,0,,mykhasv01
298,Dean Wade,28,CLE,PF,44,26,947,86,210,.410,60,172,.349,26,38,.684,.552,13,25,.520,42,165,207,64,33,17,17,84,245,0,,wadede01
299,Drew Eubanks,27,2TM,C,47,4,661,100,171,.585,3,6,.500,97,165,.588,.594,41,63,.651,51,142,193,48,11,35,34,53,244,0,,eubandr01
299,Drew Eubanks,27,UTA,C,37,4,568,88,145,.607,3,5,.600,85,140,.607,.617,36,57,.632,40,128,168,45,10,32,31,46,215,0,,eubandr01
299,Drew Eubanks,27,LAC,C,10,0,93,12,26,.462,0,1,.000,12,25,.480,.462,5,6,.833,11,14,25,3,1,3,3,7,29,0,,eubandr01
300,Aaron Holiday,28,HOU,PG,47,3,595,84,196,.429,47,126,.373,37,70,.529,.548,28,32,.875,10,50,60,58,17,6,29,49,243,0,,holidaa01
301,Tre Jones,25,2TM,PG,40,3,703,91,174,.523,14,39,.359,77,135,.570,.563,44,54,.815,24,67,91,144,29,8,27,44,240,0,,jonestr01
301,Tre Jones,25,SAS,PG,28,0,450,45,93,.484,8,26,.308,37,67,.552,.527,25,33,.758,15,43,58,104,18,5,21,33,123,0,,jonestr01
301,Tre Jones,25,CHI,PG,12,3,253,46,81,.568,6,13,.462,40,68,.588,.605,19,21,.905,9,24,33,40,11,3,6,11,117,0,,jonestr01
302,Ben Simmons,28,2TM,PG,38,24,931,107,194,.552,0,0,,107,194,.552,.552,24,33,.727,36,162,198,254,33,19,90,92,238,0,,simmobe01
302,Ben Simmons,28,BRK,PG,33,24,825,93,170,.547,0,0,,93,170,.547,.547,18,26,.692,30,142,172,229,26,16,88,81,204,0,,simmobe01
302,Ben Simmons,28,LAC,PG,5,0,106,14,24,.583,0,0,,14,24,.583,.583,6,7,.857,6,20,26,25,7,3,2,11,34,0,,simmobe01
303,Kyle Anderson,31,2TM,PF,47,4,699,93,210,.443,21,57,.368,72,153,.471,.493,31,45,.689,41,108,149,104,30,24,26,57,238,0,,anderky01
303,Kyle Anderson,31,GSW,PF,36,3,541,76,169,.450,19,52,.365,57,117,.487,.506,18,27,.667,27,83,110,81,26,20,20,40,189,0,,anderky01
303,Kyle Anderson,31,MIA,SF,11,1,158,17,41,.415,2,5,.400,15,36,.417,.439,13,18,.722,14,25,39,23,4,4,6,17,49,0,,anderky01
304,KJ Martin,24,2TM,PF,34,15,738,95,159,.597,14,40,.350,81,119,.681,.642,33,43,.767,28,81,109,32,15,22,20,84,237,0,,martike04
304,KJ Martin,24,PHI,PF,24,7,480,61,99,.616,8,21,.381,53,78,.679,.657,24,29,.828,21,51,72,19,11,16,12,62,154,0,,martike04
304,KJ Martin,24,UTA,SF,10,8,258,34,60,.567,6,19,.316,28,41,.683,.617,9,14,.643,7,30,37,13,4,6,8,22,83,0,,martike04
305,Jamison Battle,23,TOR,SF,41,0,535,83,176,.472,58,133,.436,25,43,.581,.636,12,14,.857,25,55,80,33,5,6,13,49,236,0,,battlja01
306,Marcus Smart,30,2TM,PG,26,6,534,76,198,.384,37,114,.325,39,84,.464,.477,43,52,.827,16,39,55,88,31,6,45,45,232,0,,smartma01
306,Marcus Smart,30,MEM,PG,19,6,400,53,148,.358,29,90,.322,24,58,.414,.456,30,36,.833,14,29,43,71,23,6,35,31,165,0,,smartma01
306,Marcus Smart,30,WAS,PG,7,0,134,23,50,.460,8,24,.333,15,26,.577,.540,13,16,.813,2,10,12,17,8,0,10,14,67,0,,smartma01
307,Dalen Terry,22,CHI,SG,57,3,719,85,184,.462,22,67,.328,63,117,.538,.522,39,57,.684,30,53,83,68,27,13,38,84,231,0,,terryda01
308,Alec Burks,33,MIA,SG,36,4,637,72,177,.407,54,129,.419,18,48,.375,.559,31,41,.756,13,84,97,41,22,6,16,26,229,0,,burksal01
309,Nicolas Batum,36,LAC,PF,62,5,1091,75,182,.412,63,153,.412,12,29,.414,.585,15,18,.833,38,134,172,71,41,28,26,90,228,0,,batumni01
310,Jett Howard,21,ORL,SF,52,0,599,81,221,.367,49,160,.306,32,61,.525,.477,15,20,.750,20,42,62,40,13,10,26,55,226,0,,howarje01
311,Jabari Walker,22,POR,SF,48,1,568,86,171,.503,20,56,.357,66,115,.574,.561,34,52,.654,46,125,171,30,28,6,23,70,226,0,,walkeja01
312,Lindy Waters III,27,2TM,SG,44,9,684,80,217,.369,52,159,.327,28,58,.483,.488,8,11,.727,17,81,98,43,24,10,18,58,220,0,,waterli01
312,Lindy Waters III,27,GSW,SG,38,9,655,76,205,.371,49,148,.331,27,57,.474,.490,8,11,.727,16,81,97,42,22,10,17,55,209,0,,waterli01
312,Lindy Waters III,27,DET,SG,6,0,29,4,12,.333,3,11,.273,1,1,1.000,.458,0,0,,1,0,1,1,2,0,1,3,11,0,,waterli01
313,Josh Okogie,26,2TM,SG,32,2,500,79,167,.473,25,65,.385,54,102,.529,.548,37,51,.725,41,55,96,24,40,15,25,39,220,0,,okogijo01
313,Josh Okogie,26,PHO,SG,25,1,351,56,114,.491,16,42,.381,40,72,.556,.561,22,32,.688,32,40,72,14,21,10,16,28,150,0,,okogijo01
313,Josh Okogie,26,CHO,SG,7,1,149,23,53,.434,9,23,.391,14,30,.467,.519,15,19,.789,9,15,24,10,19,5,9,11,70,0,,okogijo01
314,Ajay Mitchell,22,OKC,SG,34,1,561,84,166,.506,22,51,.431,62,115,.539,.572,28,33,.848,17,50,67,57,24,3,28,59,218,0,,mitchaj01
315,Kris Murray,24,POR,SF,54,2,742,90,199,.452,21,81,.259,69,118,.585,.505,17,42,.405,54,68,122,46,23,12,28,47,218,0,,murrakr01
316,Isaac Okoro,24,CLE,SG,38,18,719,77,173,.445,40,102,.392,37,71,.521,.561,21,29,.724,32,52,84,53,21,15,15,73,215,0,,okorois01
317,Quinten Post,24,GSW,PF,26,9,410,79,172,.459,42,103,.408,37,69,.536,.581,14,17,.824,26,73,99,39,10,10,20,51,214,0,,postqu01
318,Bol Bol,25,PHO,PF,28,9,387,83,159,.522,27,82,.329,56,77,.727,.607,18,24,.750,18,79,97,18,6,23,16,17,211,0,,bolbo01
319,Rob Dillingham,20,MIN,PG,40,1,481,89,199,.447,25,70,.357,64,129,.496,.510,8,15,.533,12,34,46,94,18,1,48,36,211,0,,dilliro01
320,Andre Jackson Jr.,23,MIL,SG,56,43,901,85,182,.467,29,73,.397,56,109,.514,.547,10,18,.556,59,108,167,76,31,13,52,106,209,0,,jacksan01
321,Herbert Jones,26,NOP,SF,20,20,648,75,172,.436,22,72,.306,53,100,.530,.500,33,40,.825,22,56,78,65,37,9,35,66,205,0,,joneshe01
322,Larry Nance Jr.,32,ATL,PF,24,3,463,80,155,.516,34,76,.447,46,79,.582,.626,9,13,.692,23,80,103,38,20,13,16,37,203,0,,nancela02
323,Bruce Brown,28,2TM,PG,28,1,577,76,193,.394,13,51,.255,63,142,.444,.427,38,45,.844,27,78,105,47,28,3,26,46,203,0,,brownbr01
323,Bruce Brown,28,TOR,PG,18,0,353,57,131,.435,11,36,.306,46,95,.484,.477,26,29,.897,17,51,68,28,17,3,19,26,151,0,,brownbr01
323,Bruce Brown,28,NOP,PG,10,1,224,19,62,.306,2,15,.133,17,47,.362,.323,12,16,.750,10,27,37,19,11,0,7,20,52,0,,brownbr01
324,Ryan Rollins,22,MIL,PG,40,8,490,78,169,.462,26,72,.361,52,97,.536,.538,20,24,.833,16,49,65,51,28,13,33,53,202,0,,rolliry01
325,Olivier-Maxence Prosper,22,DAL,PF,52,4,584,70,174,.402,12,51,.235,58,123,.472,.437,49,76,.645,44,82,126,40,26,6,14,28,201,0,,prospol01
326,Tosan Evbuomwan,23,BRK,SF,21,0,501,71,164,.433,16,55,.291,55,109,.505,.482,40,53,.755,25,60,85,33,16,7,31,39,198,0,,evbuoto01
327,Sandro Mamukelashvili,25,SAS,PF,41,0,353,70,134,.522,31,81,.383,39,53,.736,.638,24,33,.727,24,71,95,22,14,11,14,32,195,0,,mamuksa01
328,Monte Morris,29,PHO,PG,40,0,522,69,171,.404,22,73,.301,47,98,.480,.468,34,40,.850,10,47,57,66,17,3,17,21,194,0,,morrimo01
329,Jaylin Williams,22,OKC,PF,35,6,576,68,163,.417,41,115,.357,27,48,.563,.543,12,15,.800,40,151,191,86,16,23,24,56,189,1,,willija07
330,Cody Williams,20,UTA,SG,39,12,799,64,188,.340,27,93,.290,37,95,.389,.412,29,38,.763,24,64,88,50,19,12,35,70,184,0,,willico04
331,Tre Mann,23,CHO,PG,13,0,319,70,161,.435,24,60,.400,46,101,.455,.509,19,21,.905,12,26,38,39,7,4,25,24,183,0,,manntr01
332,Richaun Holmes,31,WAS,PF,24,7,430,71,106,.670,0,3,.000,71,103,.689,.670,39,47,.830,46,93,139,36,6,19,18,39,181,0,,holmeri01
333,Reed Sheppard,20,HOU,PG,45,1,536,65,196,.332,31,111,.279,34,85,.400,.411,13,16,.813,16,47,63,54,28,15,28,42,174,0,,sheppre01
334,Gui Santos,22,GSW,PF,39,1,534,60,127,.472,26,72,.361,34,55,.618,.575,24,33,.727,48,69,117,55,18,8,27,67,170,0,,santogu01
335,Grant Williams,26,CHO,PF,16,7,479,54,123,.439,27,74,.365,27,49,.551,.549,31,37,.838,18,64,82,37,18,13,28,46,166,0,,willigr01
336,GG Jackson II,20,MEM,PF,21,0,342,57,145,.393,25,73,.342,32,72,.444,.479,26,36,.722,20,45,65,22,6,5,26,24,165,0,,jacksgg01
337,KJ Simpson,22,CHO,PG,23,4,470,59,176,.335,16,74,.216,43,102,.422,.381,30,37,.811,28,38,66,60,19,4,32,35,164,0,,simpskj01
338,Daniel Theis,32,NOP,C,38,9,621,61,129,.473,9,37,.243,52,92,.565,.508,31,37,.838,44,120,164,60,18,20,25,70,162,0,,theisda01
339,Pelle Larsson,23,MIA,SG,40,2,513,57,128,.445,20,63,.317,37,65,.569,.523,26,39,.667,17,44,61,38,15,4,14,70,160,0,,larsspe01
340,Steven Adams,31,HOU,C,45,2,561,63,123,.512,0,1,.000,63,122,.516,.512,31,69,.449,116,112,228,55,16,21,39,44,157,0,,adamsst01
341,Charles Bassey,24,SAS,C,34,1,363,68,116,.586,0,0,,68,116,.586,.586,21,33,.636,56,95,151,17,14,29,23,47,157,0,,bassech01
342,Karlo Matković,23,NOP,PF,27,3,463,61,115,.530,12,37,.324,49,78,.628,.583,21,27,.778,41,81,122,26,13,28,25,63,155,0,,matkoka01
343,DeAndre Jordan,36,DEN,C,46,2,528,69,106,.651,0,0,,69,106,.651,.651,15,37,.405,64,150,214,36,12,20,33,56,153,0,,jordade01
344,Paul Reed,25,DET,C,36,0,337,60,111,.541,6,21,.286,54,90,.600,.568,27,34,.794,33,60,93,35,34,19,18,56,153,0,,reedpa01
345,Jae'Sean Tate,29,HOU,SF,42,2,478,56,124,.452,10,34,.294,46,90,.511,.492,29,43,.674,39,54,93,37,24,3,18,71,151,0,,tateja01
346,Adem Bona,21,PHI,C,44,1,504,56,84,.667,0,0,,56,84,.667,.667,34,53,.642,51,84,135,14,11,37,32,83,146,0,,bonaad01
347,Jordan Miller,25,LAC,SF,33,0,404,56,130,.431,8,37,.216,48,93,.516,.462,26,33,.788,23,35,58,33,17,5,24,24,146,0,,millejo02
348,Bones Hyland,24,LAC,PG,20,0,222,45,115,.391,31,80,.388,14,35,.400,.526,23,26,.885,5,19,24,28,18,4,24,26,144,0,,hylanbo01
349,Keaton Wallace,25,ATL,PG,27,3,424,54,127,.425,25,68,.368,29,59,.492,.524,11,11,1.000,6,30,36,56,22,8,28,32,144,0,,wallake01
350,Oso Ighodaro,22,PHO,PF,44,2,609,62,108,.574,0,2,.000,62,106,.585,.574,19,36,.528,35,99,134,41,18,15,23,62,143,0,,ighodos01
351,Malaki Branham,21,SAS,SG,37,0,305,51,119,.429,22,57,.386,29,62,.468,.521,17,20,.850,3,35,38,26,7,2,28,16,141,0,,branhma01
352,Ousmane Dieng,21,OKC,C,34,1,395,53,123,.431,23,71,.324,30,52,.577,.524,11,16,.688,17,62,79,30,17,7,18,32,140,0,,diengou01
353,David Roddy,23,2TM,PF,30,3,375,52,112,.464,18,54,.333,34,58,.586,.545,18,22,.818,13,66,79,33,14,8,21,19,140,0,,roddyda01
353,David Roddy,23,ATL,PF,27,3,346,44,93,.473,16,43,.372,28,50,.560,.559,18,22,.818,11,59,70,30,12,8,20,18,122,0,,roddyda01
353,David Roddy,23,PHI,PF,3,0,29,8,19,.421,2,11,.182,6,8,.750,.474,0,0,,2,7,9,3,2,0,1,1,18,0,,roddyda01
354,Zeke Nnaji,24,DEN,PF,43,3,428,55,103,.534,12,37,.324,43,66,.652,.592,17,29,.586,21,43,64,11,14,25,6,47,139,0,,nnajize01
355,Reggie Jackson,34,PHI,PG,31,1,384,52,133,.391,25,74,.338,27,59,.458,.485,7,9,.778,8,34,42,45,16,3,17,34,136,0,,jacksre01
356,Dante Exum,29,DAL,PG,15,9,292,49,106,.462,17,40,.425,32,66,.485,.542,20,28,.714,4,21,25,46,11,3,16,25,135,0,,exumda01
357,Terrence Shannon Jr.,24,MIN,SG,26,1,298,53,108,.491,11,30,.367,42,78,.538,.542,17,21,.810,10,32,42,27,6,5,14,22,134,0,,shannte01
358,Pat Connaughton,32,MIL,SG,31,0,459,50,116,.431,20,62,.323,30,54,.556,.517,13,17,.765,17,65,82,51,6,9,19,33,133,0,,connapa01
359,Kyle Lowry,38,PHI,PG,33,12,623,39,111,.351,28,83,.337,11,28,.393,.477,27,33,.818,11,54,65,93,31,10,20,61,133,0,,lowryky01
360,Brandon Williams,25,DAL,PG,23,1,264,47,96,.490,15,38,.395,32,58,.552,.568,24,29,.828,4,27,31,42,11,2,18,16,133,0,,willibr03
361,DaQuan Jeffries,27,CHO,SG,28,4,537,50,132,.379,20,73,.274,30,59,.508,.455,12,15,.800,24,53,77,30,16,11,17,53,132,0,,jeffrda01
362,Micah Potter,26,UTA,C,30,9,522,45,104,.433,28,77,.364,17,27,.630,.567,12,14,.857,33,89,122,23,10,11,22,39,130,0,,pottemi01
363,Orlando Robinson,24,2TM,C,29,3,397,48,114,.421,5,23,.217,43,91,.473,.443,28,36,.778,41,65,106,36,14,10,27,48,129,0,,robinor01
363,Orlando Robinson,24,SAC,C,9,0,57,7,17,.412,1,5,.200,6,12,.500,.441,4,7,.571,3,11,14,9,3,1,4,6,19,0,,robinor01
363,Orlando Robinson,24,TOR,C,20,3,340,41,97,.423,4,18,.222,37,79,.468,.443,24,29,.828,38,54,92,27,11,9,23,42,110,0,,robinor01
364,Mo Bamba,26,LAC,C,28,2,352,48,103,.466,15,50,.300,33,53,.623,.539,17,25,.680,26,94,120,16,9,28,19,49,128,0,,bambamo01
365,Antonio Reeves,24,NOP,SG,29,0,308,48,113,.425,22,61,.361,26,52,.500,.522,10,11,.909,12,20,32,23,10,2,11,15,128,0,,reevean01
366,Jeff Dowtin,27,PHI,PG,31,0,356,49,112,.438,12,33,.364,37,79,.468,.491,17,25,.680,6,32,38,48,10,5,6,17,127,0,,dowtije01
367,Jock Landale,29,HOU,C,32,1,343,49,106,.462,6,16,.375,43,90,.478,.491,23,34,.676,40,59,99,26,6,9,15,32,127,0,,landajo01
368,Kevin Love,36,MIA,PF,22,9,246,41,115,.357,24,67,.358,17,48,.354,.461,16,23,.696,22,72,94,22,15,4,14,20,122,0,,loveke01
369,Jaylon Tyson,22,CLE,SG,40,2,366,47,102,.461,14,39,.359,33,63,.524,.529,14,18,.778,30,49,79,38,9,2,19,43,122,0,,tysonja01
370,Jeff Green,38,HOU,PF,22,2,268,44,84,.524,17,50,.340,27,34,.794,.625,15,18,.833,8,28,36,10,5,4,6,20,120,0,,greenje02
371,Isaiah Wong,24,CHO,SG,20,0,265,41,105,.390,13,33,.394,28,72,.389,.452,25,34,.735,14,18,32,28,11,0,18,21,120,0,,wongis01
372,Caleb Houstan,22,ORL,SF,41,5,467,38,114,.333,32,99,.323,6,15,.400,.474,10,11,.909,13,27,40,16,8,3,5,39,118,0,,houstca01
373,Craig Porter Jr.,24,CLE,PG,40,0,352,47,85,.553,14,30,.467,33,55,.600,.635,10,13,.769,10,34,44,53,13,12,24,16,118,0,,portecr01
374,Trevelin Queen,27,ORL,SG,26,2,373,44,124,.355,16,65,.246,28,59,.475,.419,13,15,.867,20,22,42,33,25,10,20,36,117,0,,queentr01
375,Robert Williams,27,POR,C,20,3,351,50,78,.641,1,3,.333,49,75,.653,.647,15,17,.882,35,83,118,21,13,33,17,31,116,0,,williro04
376,Tristan Vukcevic,21,WAS,C,20,0,186,40,82,.488,13,41,.317,27,41,.659,.567,20,26,.769,12,41,53,16,5,7,15,23,113,0,,vukcetr01
377,Luka Garza,26,MIN,C,31,0,188,42,88,.477,7,31,.226,35,57,.614,.517,21,31,.677,30,19,49,8,6,3,10,27,112,0,,garzalu01
378,Doug McDermott,33,SAC,SF,34,3,277,38,88,.432,33,75,.440,5,13,.385,.619,3,5,.600,2,16,18,4,4,2,6,27,112,0,,mcderdo01
379,Landry Shamet,27,NYK,SG,31,0,353,44,94,.468,19,56,.339,25,38,.658,.569,5,9,.556,5,20,25,17,13,2,12,25,112,0,,shamela01
380,Blake Wesley,21,SAS,SG,39,0,319,43,92,.467,5,25,.200,38,67,.567,.495,18,27,.667,6,19,25,70,15,3,30,20,109,0,,weslebl01
381,Vince Williams Jr.,24,MEM,SG,14,2,261,41,99,.414,14,51,.275,27,48,.563,.485,13,18,.722,15,37,52,28,8,3,20,25,109,0,,willivi01
382,Jaylen Clark,23,MIN,SG,24,4,359,38,84,.452,17,39,.436,21,45,.467,.554,14,18,.778,17,14,31,14,24,1,4,45,107,0,,clarkja02
383,Jevon Carter,29,CHI,PG,29,0,225,37,94,.394,24,68,.353,13,26,.500,.521,8,10,.800,2,26,28,30,9,2,9,11,106,0,,carteje01
384,Kessler Edwards,24,DAL,SF,34,12,444,43,97,.443,14,40,.350,29,57,.509,.515,5,5,1.000,17,65,82,37,15,15,11,44,105,0,,edwarke02
385,Jalen Pickett,25,DEN,SG,31,0,340,42,95,.442,19,50,.380,23,45,.511,.542,2,2,1.000,5,30,35,55,7,3,12,18,105,0,,pickeja02
386,Quenton Jackson,26,IND,PG,19,7,267,40,80,.500,9,25,.360,31,55,.564,.556,15,21,.714,11,18,29,34,10,5,13,33,104,0,,jacksqu01
387,Maxi Kleber,33,DAL,PF,34,4,637,37,96,.385,13,49,.265,24,47,.511,.453,16,21,.762,25,70,95,43,9,17,23,66,103,0,,klebima01
388,Cam Reddish,25,LAL,SF,31,8,560,37,86,.430,13,45,.289,24,41,.585,.506,16,26,.615,15,47,62,22,31,10,12,43,103,0,,reddica01
389,Duop Reath,28,POR,C,33,0,244,35,87,.402,19,62,.306,16,25,.640,.511,12,14,.857,16,28,44,13,7,7,9,21,101,0,,reathdu01
390,Gary Harris,30,ORL,SG,32,2,493,34,94,.362,23,72,.319,11,22,.500,.484,6,10,.600,16,24,40,17,18,8,12,30,97,0,,harriga01
391,Isaac Jones,24,SAC,PF,27,0,229,41,61,.672,1,4,.250,40,57,.702,.680,14,26,.538,14,24,38,8,3,8,12,27,97,0,,jonesis01
392,Mouhamed Gueye,22,ATL,PF,16,12,256,38,90,.422,10,45,.222,28,45,.622,.478,10,13,.769,11,39,50,11,16,16,8,28,96,0,,gueyemo02
393,Marvin Bagley III,25,2TM,PF,21,1,183,39,73,.534,3,12,.250,36,61,.590,.555,15,23,.652,27,31,58,7,7,5,11,13,96,0,,baglema01
393,Marvin Bagley III,25,WAS,C,19,1,166,38,71,.535,2,10,.200,36,61,.590,.549,15,23,.652,27,29,56,7,7,5,11,12,93,0,,baglema01
393,Marvin Bagley III,25,MEM,PF,2,0,17,1,2,.500,1,2,.500,0,0,,.750,0,0,,0,2,2,0,0,0,0,1,3,0,,baglema01
394,Wendell Moore Jr.,23,2TM,SG,25,1,304,35,78,.449,7,21,.333,28,57,.491,.494,15,17,.882,21,42,63,26,11,4,13,21,92,0,,moorewe01
394,Wendell Moore Jr.,23,DET,SG,20,1,219,23,50,.460,4,14,.286,19,36,.528,.500,13,14,.929,11,33,44,23,10,3,9,15,63,0,,moorewe01
394,Wendell Moore Jr.,23,CHO,SG,5,0,85,12,28,.429,3,7,.429,9,21,.429,.482,2,3,.667,10,9,19,3,1,1,4,6,29,0,,moorewe01
395,Jamal Cain,25,NOP,SF,26,0,304,30,77,.390,14,45,.311,16,32,.500,.481,15,24,.625,20,35,55,16,13,7,12,28,89,0,,cainja01
396,Rayan Rupert,20,POR,SG,41,0,307,32,82,.390,10,37,.270,22,45,.489,.451,15,20,.750,21,25,46,18,8,2,19,24,89,0,,ruperra01
397,Jericho Sims,26,2TM,C,49,5,578,40,64,.625,0,0,,40,64,.625,.625,8,13,.615,65,113,178,30,9,17,31,59,88,0,,simsje01
397,Jericho Sims,26,NYK,C,39,5,422,28,46,.609,0,0,,28,46,.609,.609,8,13,.615,51,78,129,22,8,10,21,46,64,0,,simsje01
397,Jericho Sims,26,MIL,C,10,0,156,12,18,.667,0,0,,12,18,.667,.667,0,0,,14,35,49,8,1,7,10,13,24,0,,simsje01
398,Dru Smith,27,MIA,SG,14,1,268,31,61,.508,16,30,.533,15,31,.484,.639,9,12,.750,12,24,36,23,21,6,17,30,87,0,,smithdr01
399,Dillon Jones,23,OKC,SF,38,0,351,32,94,.340,10,49,.204,22,45,.489,.394,11,20,.550,23,54,77,38,8,3,15,37,85,0,,jonesdi01
400,Josh Minott,22,MIN,SF,37,0,232,33,74,.446,8,33,.242,25,41,.610,.500,11,13,.846,9,28,37,14,13,12,9,28,85,0,,minotjo01
401,Hunter Tyson,24,DEN,PF,42,0,311,27,74,.365,15,49,.306,12,25,.480,.466,16,23,.696,14,46,60,14,5,5,13,37,85,0,,tysonhu01
402,Torrey Craig,34,2TM,SF,15,2,175,30,61,.492,19,45,.422,11,16,.688,.648,6,8,.750,16,21,37,8,2,5,1,20,85,0,,craigto01
402,Torrey Craig,34,CHI,SF,9,1,113,22,45,.489,15,35,.429,7,10,.700,.656,3,4,.750,8,17,25,5,2,1,0,15,62,0,,craigto01
402,Torrey Craig,34,BOS,SF,6,1,62,8,16,.500,4,10,.400,4,6,.667,.625,3,4,.750,8,4,12,3,0,4,1,5,23,0,,craigto01
403,Devin Carter,22,SAC,PG,20,0,194,28,75,.373,11,37,.297,17,38,.447,.447,17,26,.654,10,36,46,24,5,3,9,16,84,0,,cartede02
404,Patty Mills,36,2TM,PG,22,0,286,29,85,.341,20,66,.303,9,19,.474,.459,6,7,.857,3,18,21,24,13,3,17,18,84,0,,millspa02
404,Patty Mills,36,UTA,PG,17,0,260,26,76,.342,17,57,.298,9,19,.474,.454,5,5,1.000,3,18,21,21,12,3,16,12,74,0,,millspa02
404,Patty Mills,36,LAC,PG,5,0,26,3,9,.333,3,9,.333,0,0,,.500,1,2,.500,0,0,0,3,1,0,1,6,10,0,,millspa02
405,Kai Jones,24,2TM,C,29,0,242,35,46,.761,0,2,.000,35,44,.795,.761,12,16,.750,17,37,54,10,6,14,11,25,82,0,,joneska01
405,Kai Jones,24,LAC,C,28,0,208,26,36,.722,0,2,.000,26,34,.765,.722,9,12,.750,15,31,46,10,6,13,10,23,61,0,,joneska01
405,Kai Jones,24,DAL,C,1,0,34,9,10,.900,0,0,,9,10,.900,.900,3,4,.750,2,6,8,0,0,1,1,2,21,0,,joneska01
406,Trey Jemison,25,2TM,C,30,0,320,35,64,.547,0,0,,35,64,.547,.547,12,31,.387,35,49,84,14,8,12,16,59,82,0,,jemistr01
406,Trey Jemison,25,NOP,C,16,0,166,15,32,.469,0,0,,15,32,.469,.469,8,21,.381,22,22,44,10,7,6,10,27,38,0,,jemistr01
406,Trey Jemison,25,LAL,C,14,0,154,20,32,.625,0,0,,20,32,.625,.625,4,10,.400,13,27,40,4,1,6,6,32,44,0,,jemistr01
407,John Konchar,28,MEM,SG,33,4,420,30,72,.417,16,50,.320,14,22,.636,.528,5,6,.833,29,83,112,31,16,12,14,26,81,0,,konchjo01
408,Damion Baugh,24,CHO,SG,10,1,254,31,89,.348,9,41,.220,22,48,.458,.399,9,11,.818,7,18,25,38,13,1,18,16,80,0,,baughda01
409,Johnny Davis,22,WAS,SG,34,0,242,32,78,.410,7,29,.241,25,49,.510,.455,9,15,.600,10,28,38,11,15,6,7,18,80,0,,davisjo06
410,Taj Gibson,39,CHO,C,27,11,306,34,70,.486,1,2,.500,33,68,.485,.493,11,16,.688,41,55,96,16,8,12,20,43,80,0,,gibsota01
411,Pat Spencer,28,GSW,PG,30,0,205,33,84,.393,2,17,.118,31,67,.463,.405,11,15,.733,15,27,42,38,11,3,15,17,79,0,,spencpa01
412,Moses Brown,25,2TM,C,13,2,119,34,49,.694,0,0,,34,49,.694,.694,8,11,.727,12,32,44,2,6,4,11,17,76,0,,brownmo01
412,Moses Brown,25,IND,C,9,0,46,13,20,.650,0,0,,13,20,.650,.650,3,5,.600,4,9,13,0,2,1,6,6,29,0,,brownmo01
412,Moses Brown,25,DAL,C,4,2,73,21,29,.724,0,0,,21,29,.724,.724,5,6,.833,8,23,31,2,4,3,5,11,47,0,,brownmo01
413,Cory Joseph,33,ORL,PG,35,1,278,26,72,.361,18,52,.346,8,20,.400,.486,4,6,.667,6,21,27,31,12,3,12,22,74,0,,josepco01
414,Jarred Vanderbilt,25,LAL,PF,18,1,298,29,60,.483,7,22,.318,22,38,.579,.542,9,19,.474,34,66,100,20,19,6,12,35,74,0,,vandeja01
415,Anthony Gill,32,WAS,PF,39,0,218,23,45,.511,6,16,.375,17,29,.586,.578,19,30,.633,6,26,32,7,6,2,6,18,71,0,,gillan01
416,Lonnie Walker IV,26,PHI,SG,8,0,162,24,66,.364,14,42,.333,10,24,.417,.470,9,9,1.000,3,24,27,14,4,3,9,7,71,0,,walkelo01
417,Bismack Biyombo,32,SAS,C,11,10,195,33,49,.673,0,0,,33,49,.673,.673,4,13,.308,19,40,59,12,7,10,10,22,70,0,,biyombi01
418,Dwight Powell,33,DAL,C,40,2,343,24,33,.727,1,1,1.000,23,32,.719,.742,20,31,.645,33,50,83,34,12,19,12,50,69,0,,poweldw01
419,Delon Wright,32,2TM,PG,29,2,418,23,84,.274,12,50,.240,11,34,.324,.345,11,20,.550,15,32,47,50,24,10,14,17,69,0,,wrighde01
419,Delon Wright,32,MIL,PG,26,2,405,22,82,.268,12,49,.245,10,33,.303,.341,9,16,.563,15,31,46,48,23,9,14,17,65,0,,wrighde01
419,Delon Wright,32,NYK,PG,3,0,13,1,2,.500,0,1,.000,1,1,1.000,.500,2,4,.500,0,1,1,2,1,1,0,0,4,0,,wrighde01
420,Jordan Walsh,20,BOS,PF,42,1,340,24,64,.375,13,43,.302,11,21,.524,.477,7,12,.583,19,35,54,16,10,9,11,26,68,0,,walshjo01
421,Jaylen Nowell,25,NOP,SG,8,0,168,26,73,.356,8,27,.296,18,46,.391,.411,7,11,.636,6,14,20,18,1,4,8,9,67,0,,nowelja01
422,Kobe Brown,25,LAC,PF,28,0,213,29,60,.483,4,20,.200,25,40,.625,.517,4,5,.800,17,36,53,17,4,3,7,18,66,0,,brownko01
423,Jordan McLaughlin,28,2TM,PG,35,0,210,20,49,.408,12,29,.414,8,20,.400,.531,14,19,.737,4,17,21,32,12,0,11,14,66,0,,mclaujo01
423,Jordan McLaughlin,28,SAC,PG,28,0,190,16,44,.364,10,26,.385,6,18,.333,.477,11,16,.688,4,17,21,24,11,0,11,13,53,0,,mclaujo01
423,Jordan McLaughlin,28,SAS,PG,7,0,20,4,5,.800,2,3,.667,2,2,1.000,1.000,3,3,1.000,0,0,0,8,1,0,0,1,13,0,,mclaujo01
424,Jaden Springer,22,2TM,SG,32,0,208,19,49,.388,9,26,.346,10,23,.435,.480,19,27,.704,7,24,31,19,15,2,9,23,66,0,,sprinja01
424,Jaden Springer,22,BOS,SG,26,0,141,12,34,.353,6,19,.316,6,15,.400,.441,15,21,.714,4,20,24,10,12,1,4,17,45,0,,sprinja01
424,Jaden Springer,22,UTA,PG,6,0,67,7,15,.467,3,7,.429,4,8,.500,.567,4,6,.667,3,4,7,9,3,1,5,6,21,0,,sprinja01
425,MarJon Beauchamp,24,2TM,SF,29,0,139,22,54,.407,9,24,.375,13,30,.433,.491,11,16,.688,9,26,35,10,3,1,14,12,64,0,,beaucma01
425,MarJon Beauchamp,24,MIL,SF,26,0,122,18,47,.383,7,21,.333,11,26,.423,.457,9,12,.750,7,25,32,8,3,1,13,10,52,0,,beaucma01
425,MarJon Beauchamp,24,LAC,SF,3,0,17,4,7,.571,2,3,.667,2,4,.500,.714,2,4,.500,2,1,3,2,0,0,1,2,12,0,,beaucma01
426,Christian Koloko,24,LAL,C,29,0,246,28,43,.651,0,2,.000,28,41,.683,.651,7,8,.875,28,36,64,12,7,8,7,31,63,0,,kolokch01
427,Johnny Furphy,20,IND,SG,39,0,253,21,58,.362,11,33,.333,10,25,.400,.457,9,9,1.000,17,23,40,10,10,8,9,27,62,0,,furphjo01
428,De'Anthony Melton,26,GSW,SG,6,2,121,22,54,.407,13,35,.371,9,19,.474,.528,5,8,.625,6,14,20,17,7,2,10,18,62,0,,meltode01
429,Dominick Barlow,21,ATL,SF,19,3,153,24,49,.490,5,14,.357,19,35,.543,.541,6,10,.600,9,21,30,4,4,7,2,13,59,0,,barlodo01
430,Bruno Fernando,26,TOR,C,17,2,147,26,49,.531,0,0,,26,49,.531,.531,6,8,.750,21,30,51,18,4,9,14,27,58,0,,fernabr01
431,Branden Carlson,25,OKC,C,20,0,121,19,43,.442,14,34,.412,5,9,.556,.605,4,4,1.000,5,24,29,7,2,8,3,13,56,0,,carlsbr01
432,Alex Len,31,2TM,C,40,3,298,24,46,.522,1,6,.167,23,40,.575,.533,7,13,.538,27,46,73,32,8,19,11,39,56,0,,lenal01
432,Alex Len,31,SAC,C,36,3,258,22,41,.537,1,6,.167,21,35,.600,.549,7,13,.538,25,39,64,30,8,18,11,35,52,0,,lenal01
432,Alex Len,31,LAL,C,4,0,40,2,5,.400,0,0,,2,5,.400,.400,0,0,,2,7,9,2,0,1,0,4,4,0,,lenal01
433,Jordan Goodwin,26,LAL,PG,9,0,151,23,46,.500,7,19,.368,16,27,.593,.576,2,3,.667,14,19,33,8,11,2,8,12,55,0,,goodwjo01
434,Damion Lee,32,PHO,SG,16,0,101,17,52,.327,5,26,.192,12,26,.462,.375,16,17,.941,2,12,14,8,4,0,7,5,55,0,,leeda03
435,Collin Gillespie,25,PHO,PG,15,0,91,20,35,.571,8,14,.571,12,21,.571,.686,6,7,.857,5,8,13,15,3,2,4,9,54,0,,gilleco01
436,Killian Hayes,23,BRK,PG,6,5,162,18,43,.419,8,21,.381,10,22,.455,.512,10,12,.833,5,13,18,31,4,4,9,13,54,0,,hayeski01
437,Kobe Bufkin,21,ATL,SG,10,0,124,18,47,.383,4,19,.211,14,28,.500,.426,13,18,.722,5,16,21,17,3,2,8,9,53,0,,bufkiko01
438,Tyler Kolek,23,NYK,PG,29,0,148,18,47,.383,11,28,.393,7,19,.368,.500,6,6,1.000,2,13,15,22,7,1,9,12,53,0,,kolekty01
439,Elfrid Payton,30,2TM,PG,13,5,267,26,67,.388,0,1,.000,26,66,.394,.388,1,2,.500,6,31,37,68,16,6,27,22,53,0,,paytoel01
439,Elfrid Payton,30,NOP,PG,7,3,144,23,46,.500,0,1,.000,23,45,.511,.500,1,2,.500,5,19,24,48,10,3,20,10,47,0,,paytoel01
439,Elfrid Payton,30,CHO,PG,6,2,123,3,21,.143,0,0,,3,21,.143,.143,0,0,,1,12,13,20,6,3,7,12,6,0,,paytoel01
440,Dario Šarić,30,DEN,C,15,4,203,19,56,.339,7,26,.269,12,30,.400,.402,7,10,.700,14,35,49,22,7,1,14,18,52,0,,saricda01
441,Reece Beekman,23,2TM,PG,27,0,291,21,67,.313,4,27,.148,17,40,.425,.343,6,11,.545,5,15,20,34,19,2,16,18,52,0,,beekmre01
441,Reece Beekman,23,GSW,PG,2,0,4,1,1,1.000,0,0,,1,1,1.000,1.000,0,0,,1,0,1,1,1,0,0,1,2,0,,beekmre01
441,Reece Beekman,23,BRK,PG,25,0,287,20,66,.303,4,27,.148,16,39,.410,.333,6,11,.545,4,15,19,33,18,2,16,17,50,0,,beekmre01
442,Tristan Thompson,33,CLE,C,33,0,237,23,53,.434,0,3,.000,23,50,.460,.434,5,22,.227,22,70,92,21,1,8,11,27,51,0,,thomptr01
443,Ariel Hukporti,22,NYK,C,25,1,217,21,31,.677,0,0,,21,31,.677,.677,6,13,.462,14,37,51,11,1,15,21,32,48,0,,hukpoar01
444,Patrick Baldwin Jr.,22,WAS,SF,22,0,101,17,33,.515,11,21,.524,6,12,.500,.682,2,4,.500,5,17,22,2,3,2,5,5,47,0,,baldwpa01
445,Tyler Smith,20,MIL,PF,17,0,83,17,36,.472,8,20,.400,9,16,.563,.583,2,4,.500,4,16,20,4,2,3,6,8,44,0,,smithty02
446,Cam Spencer,24,MEM,SG,12,0,127,13,31,.419,5,16,.313,8,15,.533,.500,11,11,1.000,5,12,17,16,3,1,5,12,42,0,,spencca01
447,Drew Peterson,25,BOS,PF,18,1,149,13,29,.448,9,23,.391,4,6,.667,.603,6,7,.857,5,25,30,13,4,2,6,13,41,0,,peterdr01
448,Dariq Whitehead,20,BRK,SF,10,0,59,13,27,.481,12,23,.522,1,4,.250,.704,1,3,.333,1,5,6,1,3,1,6,2,39,0,,whiteda01
449,Oscar Tshiebwe,25,UTA,C,7,0,100,15,23,.652,0,0,,15,23,.652,.652,9,12,.750,16,36,52,3,6,0,2,14,39,0,,tshieos01
450,Jeenathan Williams,25,HOU,SG,11,0,75,16,36,.444,4,15,.267,12,21,.571,.500,3,4,.750,1,5,6,4,5,4,8,9,39,0,,willije02
451,A.J. Lawson,24,TOR,SG,9,2,116,13,40,.325,7,25,.280,6,15,.400,.413,4,7,.571,5,7,12,4,2,2,1,11,37,0,,lawsoaj01
452,Chris Duarte,27,CHI,SG,17,0,74,12,26,.462,6,15,.400,6,11,.545,.577,6,8,.750,5,15,20,9,0,0,1,7,36,0,,duartch01
453,Isaiah Jackson,23,IND,C,5,1,84,14,23,.609,0,0,,14,23,.609,.609,7,14,.500,11,17,28,5,3,8,5,14,35,0,,jacksis01
454,Jared Rhoden,25,2TM,SG,8,0,90,12,32,.375,1,10,.100,11,22,.500,.391,10,12,.833,7,8,15,3,2,2,4,7,35,0,,rhodeja01
454,Jared Rhoden,25,CHO,SG,4,0,12,2,8,.250,0,2,.000,2,6,.333,.250,0,0,,2,2,4,2,1,0,1,1,4,0,,rhodeja01
454,Jared Rhoden,25,TOR,SG,4,0,78,10,24,.417,1,8,.125,9,16,.563,.438,10,12,.833,5,6,11,1,1,2,3,6,31,0,,rhodeja01
455,Adam Flagler,25,OKC,SG,25,0,103,13,57,.228,8,46,.174,5,11,.455,.298,0,0,,3,6,9,0,5,2,1,10,34,0,,flaglad01
456,Enrique Freeman,24,IND,PF,19,1,139,12,25,.480,1,6,.167,11,19,.579,.500,7,13,.538,6,13,19,8,2,2,5,18,32,0,,freemen01
457,Elijah Harkless,24,UTA,SG,10,0,138,11,35,.314,7,25,.280,4,10,.400,.414,3,6,.500,9,12,21,8,10,1,3,18,32,0,,harklej01
458,Josh Richardson,31,MIA,SG,8,0,150,11,38,.289,6,22,.273,5,16,.313,.368,4,4,1.000,6,6,12,12,8,1,8,17,32,0,,richajo01
459,Xavier Tillman Sr.,26,BOS,C,29,1,207,12,46,.261,5,27,.185,7,19,.368,.315,1,2,.500,9,29,38,7,9,5,12,16,30,0,,tillmxa01
460,AJ Johnson,20,2TM,SG,11,0,74,12,28,.429,4,10,.400,8,18,.444,.500,2,3,.667,0,9,9,12,2,0,5,5,30,0,,johnsaj01
460,AJ Johnson,20,MIL,SG,7,0,44,8,19,.421,3,5,.600,5,14,.357,.500,1,2,.500,0,7,7,7,1,0,4,0,20,0,,johnsaj01
460,AJ Johnson,20,WAS,SG,4,0,30,4,9,.444,1,5,.200,3,4,.750,.500,1,1,1.000,0,2,2,5,1,0,1,5,10,0,,johnsaj01
461,Kevin Knox,25,GSW,SF,7,0,51,11,24,.458,3,11,.273,8,13,.615,.521,3,4,.750,6,5,11,4,1,4,1,5,28,0,,knoxke01
462,Matt Ryan,27,NYK,SF,19,0,68,10,31,.323,6,19,.316,4,12,.333,.419,2,2,1.000,0,8,8,3,2,0,3,1,28,0,,ryanma01
463,JT Thor,22,CLE,PF,9,0,42,9,15,.600,3,6,.500,6,9,.667,.700,7,8,.875,3,3,6,1,2,3,6,6,28,0,,thorjt01
464,TyTy Washington Jr.,23,PHO,PG,10,0,93,11,36,.306,3,18,.167,8,18,.444,.347,3,4,.750,4,8,12,12,3,0,3,3,28,0,,washity02
465,Baylor Scheierman,24,BOS,SG,16,0,119,9,34,.265,4,22,.182,5,12,.417,.324,5,6,.833,4,19,23,10,4,0,1,7,27,0,,scheiba01
466,Pacome Dadiet,19,NYK,SG,14,0,95,9,27,.333,6,17,.353,3,10,.300,.444,2,3,.667,0,14,14,5,3,2,2,5,26,0,,dadiepa01
467,Colby Jones,22,SAC,SG,24,0,130,11,26,.423,4,10,.400,7,16,.438,.500,0,0,,8,15,23,7,6,7,7,13,26,0,,jonesco02
468,Bronny James,20,LAL,SG,18,0,76,8,31,.258,3,15,.200,5,16,.313,.306,6,9,.667,1,7,8,8,4,2,6,6,25,0,,jamesbr02
469,Markelle Fultz,26,SAC,PG,8,0,68,11,24,.458,1,3,.333,10,21,.476,.479,1,1,1.000,2,5,7,7,4,1,10,4,24,0,,fultzma01
470,Jazian Gortman,21,DAL,PG,16,0,57,9,23,.391,4,11,.364,5,12,.417,.478,2,4,.500,1,4,5,6,2,1,5,9,24,0,,gortmja01
471,Yuki Kawamura,23,MEM,PG,20,0,63,8,22,.364,4,16,.250,4,6,.667,.455,4,6,.667,0,7,7,14,1,0,4,7,24,0,,kawamyu01
472,Kylor Kelley,27,DAL,C,8,1,67,10,13,.769,0,0,,10,13,.769,.769,4,6,.667,8,13,21,2,0,2,1,8,24,0,,kelleky01
473,Daeqwon Plowden,26,ATL,SG,2,0,33,8,10,.800,6,8,.750,2,2,1.000,1.100,2,2,1.000,3,2,5,0,0,0,1,5,24,0,,plowdda01
474,Alex Ducas,24,OKC,SG,17,0,76,8,22,.364,7,16,.438,1,6,.167,.523,0,0,,5,10,15,2,2,0,3,7,23,0,,ducasal01
475,Markieff Morris,35,2TM,PF,10,0,61,8,32,.250,5,20,.250,3,12,.250,.328,2,2,1.000,0,9,9,7,1,1,3,5,23,0,,morrima02
475,Markieff Morris,35,DAL,PF,7,0,41,5,22,.227,2,13,.154,3,9,.333,.273,0,0,,0,8,8,4,1,1,2,2,12,0,,morrima02
475,Markieff Morris,35,LAL,PF,3,0,20,3,10,.300,3,7,.429,0,3,.000,.450,2,2,1.000,0,1,1,3,0,0,1,3,11,0,,morrima02
476,Sidy Cissoko,20,2TM,SF,20,0,60,9,18,.500,3,7,.429,6,11,.545,.583,1,6,.167,4,7,11,6,1,0,3,7,22,0,,cissosi01
476,Sidy Cissoko,20,SAS,SF,17,0,54,9,18,.500,3,7,.429,6,11,.545,.583,1,6,.167,3,7,10,6,1,0,2,6,22,0,,cissosi01
476,Sidy Cissoko,20,POR,SF,3,0,6,0,0,,0,0,,0,0,,,0,0,,1,0,1,0,0,0,1,1,0,0,,cissosi01
477,Colin Castleton,24,2TM,C,12,0,95,6,19,.316,0,5,.000,6,14,.429,.316,10,11,.909,9,13,22,5,3,3,2,14,22,0,,castlco01
477,Colin Castleton,24,MEM,C,10,0,46,2,10,.200,0,4,.000,2,6,.333,.200,10,11,.909,3,6,9,0,1,1,1,6,14,0,,castlco01
477,Colin Castleton,24,TOR,C,2,0,49,4,9,.444,0,1,.000,4,8,.500,.444,0,0,,6,7,13,5,2,2,1,8,8,0,,castlco01
478,Mason Jones,26,SAC,SG,8,0,37,9,17,.529,1,7,.143,8,10,.800,.559,2,3,.667,2,6,8,10,0,0,1,3,21,0,,jonesma05
479,Mitchell Robinson,26,NYK,C,4,1,54,9,14,.643,0,0,,9,14,.643,.643,3,3,1.000,9,7,16,1,1,1,1,5,21,0,,robinmi01
480,Jae Crowder,34,SAC,PF,7,2,92,6,17,.353,3,12,.250,3,5,.600,.441,5,6,.833,6,11,17,4,3,0,4,10,20,0,,crowdja01
481,Trey Alexander,21,DEN,SG,18,0,79,7,24,.292,2,10,.200,5,14,.357,.333,2,2,1.000,0,9,9,7,1,1,3,8,18,0,,alexatr01
482,Leonard Miller,21,MIN,SF,10,0,27,5,14,.357,0,5,.000,5,9,.556,.357,8,8,1.000,3,8,11,0,2,1,2,2,18,0,,millele01
483,Chris Livingston,21,MIL,SF,14,1,69,6,15,.400,0,5,.000,6,10,.600,.400,5,8,.625,7,15,22,2,5,0,5,5,17,0,,livinch01
484,Keshad Johnson,23,MIA,SF,10,0,57,7,12,.583,1,4,.250,6,8,.750,.625,1,6,.167,2,15,17,3,1,4,3,5,16,0,,johnske10
485,Jackson Rowe,28,GSW,PF,5,0,43,6,15,.400,2,9,.222,4,6,.667,.467,2,4,.500,0,8,8,3,3,0,1,4,16,0,,roweja01
486,PJ Hall,22,DEN,C,15,0,46,6,14,.429,0,5,.000,6,9,.667,.429,3,4,.750,4,12,16,3,0,2,2,6,15,0,,hallpj01
487,Joe Ingles,37,MIN,SF,18,0,108,6,20,.300,3,13,.231,3,7,.429,.375,0,0,,2,9,11,22,2,0,8,10,15,0,,inglejo01
488,E.J. Liddell,24,CHI,PF,7,0,33,5,10,.500,3,8,.375,2,2,1.000,.650,2,2,1.000,1,4,5,3,1,1,2,8,15,0,,liddeej01
489,Pete Nance,24,PHI,C,7,0,68,5,15,.333,4,12,.333,1,3,.333,.467,1,2,.500,2,8,10,3,1,0,0,10,15,0,,nancepe01
490,Taylor Hendricks,21,UTA,PF,3,3,75,4,18,.222,3,12,.250,1,6,.167,.306,3,4,.750,5,10,15,2,5,4,2,8,14,0,,hendrta01
491,Jack McVeigh,28,HOU,PF,7,0,28,5,13,.385,4,10,.400,1,3,.333,.538,0,0,,1,3,4,1,0,1,1,1,14,0,,mcveija01
492,Armel Traoré,22,LAL,SF,9,0,67,6,19,.316,0,7,.000,6,12,.500,.316,2,7,.286,2,13,15,1,4,2,3,6,14,0,,armeltr01
493,Alex Reese,25,2TM,PF,4,0,31,5,9,.556,2,5,.400,3,4,.750,.667,2,3,.667,6,7,13,1,3,3,1,1,14,0,,reeseal01
493,Alex Reese,25,OKC,PF,1,0,2,1,1,1.000,0,0,,1,1,1.000,1.000,0,0,,1,0,1,0,0,0,0,0,2,0,,reeseal01
493,Alex Reese,25,PHI,PF,3,0,29,4,8,.500,2,5,.400,2,3,.667,.625,2,3,.667,5,7,12,1,3,3,1,1,12,0,,reeseal01
494,Bryce McGowens,22,POR,SG,10,0,23,4,8,.500,0,3,.000,4,5,.800,.500,5,6,.833,1,0,1,1,1,0,3,2,13,0,,mcgowbr01
495,JD Davison,22,BOS,PG,9,0,39,3,9,.333,2,6,.333,1,3,.333,.444,4,5,.800,0,3,3,3,2,0,6,1,12,0,,davisjd01
496,Stanley Umude,25,MIL,SG,20,0,65,4,23,.174,2,13,.154,2,10,.200,.217,2,4,.500,4,11,15,3,3,3,2,6,12,0,,umudest01
497,Cam Christie,19,LAC,SG,6,0,31,4,12,.333,2,8,.250,2,4,.500,.417,1,2,.500,1,5,6,2,2,0,2,2,11,0,,chrisca02
498,Malachi Flynn,26,CHO,PG,3,0,29,4,8,.500,1,1,1.000,3,7,.429,.563,2,3,.667,2,3,5,3,1,0,3,3,11,0,,flynnma01
499,Garrett Temple,38,TOR,SG,18,0,76,3,17,.176,1,8,.125,2,9,.222,.206,4,4,1.000,2,9,11,11,7,2,4,10,11,0,,templga01
500,N'Faly Dante,23,HOU,C,1,0,19,4,6,.667,0,0,,4,6,.667,.667,2,3,.667,4,5,9,1,0,2,1,4,10,0,,nfalyda01
501,Nae'Qwan Tomlin,24,CLE,PF,3,0,14,4,8,.500,0,2,.000,4,6,.667,.500,2,3,.667,1,5,6,0,0,0,1,2,10,0,,tomlina01
502,Maxwell Lewis,22,2TM,SF,13,0,51,4,13,.308,2,4,.500,2,9,.222,.385,0,0,,3,7,10,3,1,0,3,3,10,0,,lewisma05
502,Maxwell Lewis,22,LAL,SF,7,0,29,2,6,.333,0,0,,2,6,.333,.333,0,0,,2,0,2,2,1,0,2,1,4,0,,lewisma05
502,Maxwell Lewis,22,BRK,SF,6,0,22,2,7,.286,2,4,.500,0,3,.000,.429,0,0,,1,7,8,1,0,0,1,2,6,0,,lewisma05
503,Vlatko Čančar,27,DEN,PF,5,0,36,4,7,.571,1,2,.500,3,5,.600,.643,0,0,,3,5,8,0,0,1,2,4,9,0,,cancavl01
504,Trentyn Flowers,19,LAC,SF,2,0,16,4,9,.444,0,2,.000,4,7,.571,.444,1,1,1.000,1,3,4,0,0,0,1,3,9,0,,flowetr01
505,Lester Quiñones,24,PHI,SG,4,0,17,4,8,.500,0,3,.000,4,5,.800,.500,1,1,1.000,3,1,4,1,0,0,4,0,9,0,,quinole01
506,Liam Robbins,25,MIL,C,13,0,57,2,8,.250,0,2,.000,2,6,.333,.250,5,10,.500,7,5,12,2,2,2,6,9,9,0,,robbili01
507,Lamar Stevens,27,MEM,PF,4,0,25,3,10,.300,0,3,.000,3,7,.429,.300,3,4,.750,1,6,7,0,1,0,1,1,9,0,,stevela01
508,James Johnson,37,IND,PF,11,0,33,4,9,.444,0,3,.000,4,6,.667,.444,0,1,.000,0,5,5,4,0,2,4,4,8,0,,johnsja01
509,Adama Sanogo,22,CHI,C,4,0,21,4,7,.571,0,0,,4,7,.571,.571,0,0,,5,1,6,1,0,0,1,1,8,0,,sanogad01
510,Luke Travers,23,CLE,SG,9,0,55,3,11,.273,0,4,.000,3,7,.429,.273,2,2,1.000,5,7,12,5,1,1,5,4,8,0,,travelu01
511,Isaiah Crawford,23,SAC,SF,7,0,26,3,6,.500,0,2,.000,3,4,.750,.500,1,2,.500,0,7,7,0,1,1,0,1,7,0,,crawfis01
512,PJ Dozier,28,MIN,SG,9,0,35,2,3,.667,2,3,.667,0,0,,1.000,1,6,.167,1,4,5,5,1,0,1,3,7,0,,doziepj01
513,Emoni Bates,21,CLE,SF,7,0,27,2,14,.143,2,11,.182,0,3,.000,.214,0,0,,0,0,0,4,1,0,0,2,6,0,,batesem01
514,Josh Christopher,23,MIA,SG,8,0,28,2,7,.286,0,1,.000,2,6,.333,.286,2,4,.500,0,3,3,4,0,1,4,1,6,0,,chrisjo01
515,Taze Moore,26,POR,SG,2,0,20,2,10,.200,1,4,.250,1,6,.167,.250,1,2,.500,4,4,8,1,2,0,2,0,6,0,,mooreta02
516,Jacob Toppin,24,NYK,SF,16,0,49,3,10,.300,0,2,.000,3,8,.375,.300,0,0,,2,9,11,4,2,0,2,3,6,0,,toppija01
517,James Wiseman,23,IND,C,1,0,5,2,4,.500,0,1,.000,2,3,.667,.500,2,2,1.000,0,1,1,0,0,0,0,0,6,0,,wisemja01
518,Ulrich Chomche,19,TOR,PF,7,0,32,2,5,.400,0,0,,2,5,.400,.400,1,2,.500,4,4,8,2,0,1,2,5,5,0,,chomcul01
519,RayJ Dennis,23,IND,PG,7,0,15,1,5,.200,1,4,.250,0,1,.000,.300,2,2,1.000,1,3,4,2,2,0,3,3,5,0,,dennira01
520,David Duke Jr.,25,SAS,SG,4,0,18,2,7,.286,0,1,.000,2,6,.333,.286,1,2,.500,0,3,3,3,0,0,1,1,5,0,,dukeda01
521,Spencer Jones,23,DEN,SF,13,0,35,2,10,.200,1,7,.143,1,3,.333,.250,0,0,,2,4,6,0,3,0,2,5,5,0,,jonessp01
522,Skal Labissière,28,SAC,PF,3,0,6,2,2,1.000,1,1,1.000,1,1,1.000,1.250,0,0,,1,0,1,1,0,0,0,1,5,0,,labissk01
523,Alondes Williams,25,DET,SG,1,0,4,2,2,1.000,1,1,1.000,1,1,1.000,1.250,0,0,,0,0,0,1,0,0,0,0,5,0,,willial06
524,Jalen Bridges,23,PHO,SF,5,0,25,1,4,.250,1,4,.250,0,0,,.375,1,2,.500,0,3,3,0,0,0,4,0,4,0,,bridgja01
525,Keion Brooks Jr.,24,NOP,SF,2,0,10,1,2,.500,0,1,.000,1,1,1.000,.500,2,4,.500,1,2,3,1,0,0,0,1,4,0,,brookke02
526,Jalen Hood-Schifino,21,LAL,SG,2,0,14,1,1,1.000,0,0,,1,1,1.000,1.000,2,2,1.000,1,0,1,1,0,1,1,3,4,0,,hoodsja01
527,D.J. Carton,24,TOR,SG,4,0,33,1,7,.143,0,3,.000,1,4,.250,.143,1,1,1.000,0,4,4,3,2,0,4,1,3,0,,cartodj01
528,Cui Yongxi,21,BRK,SG,5,0,10,1,7,.143,0,3,.000,1,4,.250,.143,1,2,.500,0,2,2,0,0,0,0,0,3,0,,cuiyo01
529,Jaylen Martin,21,2TM,SF,4,0,7,1,4,.250,1,1,1.000,0,3,.000,.375,0,0,,1,1,2,0,0,0,0,1,3,0,,martija02
529,Jaylen Martin,21,BRK,SF,3,0,5,1,2,.500,1,1,1.000,0,1,.000,.750,0,0,,0,0,0,0,0,0,0,1,3,0,,martija02
529,Jaylen Martin,21,WAS,SF,1,0,2,0,2,.000,0,0,,0,2,.000,.000,0,0,,1,1,2,0,0,0,0,0,0,0,,martija02
530,Tristen Newton,23,2TM,SG,8,0,16,1,8,.125,0,3,.000,1,5,.200,.125,1,1,1.000,2,2,4,2,1,0,2,4,3,0,,newtotr01
530,Tristen Newton,23,IND,SG,5,0,8,1,6,.167,0,3,.000,1,3,.333,.167,1,1,1.000,0,0,0,1,0,0,1,2,3,0,,newtotr01
530,Tristen Newton,23,MIN,SG,3,0,8,0,2,.000,0,0,,0,2,.000,.000,0,0,,2,2,4,1,1,0,1,2,0,0,,newtotr01
531,Quincy Olivari,23,LAL,PG,2,0,10,1,5,.200,1,5,.200,0,0,,.300,0,0,,0,0,0,1,0,0,1,0,3,0,,olivaqu01
532,Jamaree Bouyea,25,MIL,PG,1,0,5,1,1,1.000,0,0,,1,1,1.000,1.000,0,0,,0,0,0,1,1,0,1,0,2,0,,bouyeja01
533,Yuri Collins,23,GSW,PG,2,0,16,1,3,.333,0,0,,1,3,.333,.333,0,0,,2,1,3,4,2,0,0,5,2,0,,colliyu01
534,Malevy Leons,25,OKC,SF,6,0,21,0,2,.000,0,1,.000,0,1,.000,.000,2,4,.500,1,2,3,1,0,0,1,4,2,0,,leonsma01
535,Daishen Nix,22,MIN,PG,3,0,13,0,1,.000,0,1,.000,0,0,,.000,1,2,.500,0,4,4,3,0,0,4,1,1,0,,nixda01
536,Tony Bradley,27,IND,C,2,0,2,0,0,,0,0,,0,0,,,0,0,,0,1,1,0,0,0,0,0,0,0,,bradlto01
537,Jesse Edwards,24,MIN,C,2,0,5,0,0,,0,0,,0,0,,,0,0,,0,0,0,1,0,0,0,2,0,0,,edwarje01
538,Harrison Ingram,22,SAS,SF,2,0,11,0,2,.000,0,1,.000,0,1,.000,.000,0,0,,0,2,2,0,0,0,0,1,0,0,,ingraha01
539,Daniss Jenkins,23,DET,PG,5,0,10,0,4,.000,0,4,.000,0,0,,.000,0,0,,0,0,0,0,0,0,1,2,0,0,,jenkida01
540,Bobi Klintman,21,DET,SF,6,0,17,0,2,.000,0,1,.000,0,1,.000,.000,0,0,,0,4,4,1,0,1,1,2,0,0,,klintbo01
541,Mac McClung,26,ORL,SG,1,0,5,0,0,,0,0,,0,0,,,0,0,,0,1,1,2,0,0,0,0,0,0,,mccluma01
542,Jalen McDaniels,27,WAS,SF,4,0,7,0,0,,0,0,,0,0,,,0,0,,0,0,0,1,1,0,0,0,0,0,,mcdanja01
543,Emanuel Miller,24,CHI,PF,1,0,2,0,0,,0,0,,0,0,,,0,0,,0,0,0,0,0,0,0,0,0,0,,milleem01
544,Justin Minaya,25,POR,SF,7,0,19,0,2,.000,0,1,.000,0,1,.000,.000,0,0,,2,1,3,2,1,0,0,3,0,0,,minayju01
545,Riley Minix,24,SAS,SF,1,0,7,0,1,.000,0,1,.000,0,0,,.000,0,0,,0,2,2,0,0,0,0,0,0,0,,minixri01
546,Miles Norris,24,BOS,PF,1,0,4,0,0,,0,0,,0,0,,,0,0,,0,2,2,0,0,0,0,0,0,0,,norrimi01
547,Jahlil Okafor,29,IND,C,1,0,3,0,0,,0,0,,0,0,,,0,0,,0,1,1,1,0,0,0,0,0,0,,okafoja01
548,Chuma Okeke,26,PHI,PF,1,0,2,0,0,,0,0,,0,0,,,0,0,,0,1,1,0,0,0,0,0,0,0,,okekech01
549,Zyon Pullin,23,MEM,SG,3,0,3,0,1,.000,0,0,,0,1,.000,.000,0,0,,0,0,0,0,0,0,0,0,0,0,,pullizy01
550,Cole Swider,25,DET,SF,2,0,13,0,5,.000,0,5,.000,0,0,,.000,0,0,,0,2,2,1,0,0,0,1,0,0,,swideco01
551,Jahmir Young,24,CHI,PG,1,0,2,0,0,,0,0,,0,0,,,0,0,,0,1,1,1,0,0,0,0,0,0,,youngja05